5.219392776489257812e-01,-1.505962848663330078e+00,1.149540580809116364e-02,-3.926804363727569580e-01,-5.311024188995361328e-01,-3.820374608039855957e-01,6.463587880134582520e-01,-2.015772163867950439e-01,6.232792139053344727e-02,2.166546434164047241e-01,2.294066734611988068e-02,-8.936839178204536438e-03,-2.868976816534996033e-02,-2.801695466041564941e-01,-3.065260648727416992e-01,-7.962906956672668457e-01,3.556958734989166260e-01,1.934331208467483521e-01,6.495571229606866837e-03,-3.443226590752601624e-02,-1.839267015457153320e-01,5.242290720343589783e-02,9.240280985832214355e-01,-2.651295661926269531e-01,6.084424853324890137e-01,2.178425937891006470e-01,-1.288559883832931519e-01,3.028562963008880615e-01,2.490348815917968750e-01,-7.915741205215454102e-01,-5.769565905211493373e-05,6.731159090995788574e-01,-5.387865379452705383e-02,-1.230330988764762878e-01,3.147265613079071045e-01
5.284841656684875488e-01,-1.537042617797851562e+00,8.342858403921127319e-03,-3.395345807075500488e-01,-5.631400346755981445e-01,-4.207643270492553711e-01,6.249375939369201660e-01,-2.831305265426635742e-01,1.571320295333862305e-01,6.316860318183898926e-01,2.677837908267974854e-01,-3.150046616792678833e-02,-1.142285317182540894e-01,-5.178795456886291504e-01,-6.760390400886535645e-01,-9.511066675186157227e-01,1.051999092102050781e+00,2.771677635610103607e-02,-1.928731054067611694e-01,1.180657446384429932e-01,-2.198420614004135132e-01,3.314868733286857605e-02,9.249578714370727539e-01,-2.605376541614532471e-01,1.017767548561096191e+00,4.552767574787139893e-01,-9.726521372795104980e-02,2.381518185138702393e-01,2.325624078512191772e-01,-7.933166027069091797e-01,-7.542558759450912476e-02,1.157138943672180176e+00,-1.001251023262739182e-02,-4.696277976036071777e-01,3.589784801006317139e-01
5.324020981788635254e-01,-1.539882898330688477e+00,7.028611842542886734e-03,-3.326010406017303467e-01,-5.651684403419494629e-01,-4.202952384948730469e-01,6.271467804908752441e-01,-3.323802351951599121e-01,1.906372010707855225e-01,6.743709444999694824e-01,3.904452621936798096e-01,-8.735104650259017944e-02,-1.201482936739921570e-01,-5.437942743301391602e-01,-7.040254473686218262e-01,-9.412025213241577148e-01,1.084574580192565918e+00,-7.828805595636367798e-03,-2.183274775743484497e-01,1.243836209177970886e-01,-2.334937602281570435e-01,3.146650642156600952e-02,9.281247854232788086e-01,-2.434335500001907349e-01,1.052539825439453125e+00,3.475715517997741699e-01,-3.682406246662139893e-02,1.917248070240020752e-01,2.272430956363677979e-01,-7.950881123542785645e-01,-1.176984161138534546e-01,1.145624876022338867e+00,1.229266598820686340e-01,-6.250437498092651367e-01,3.385295271873474121e-01
5.339573621749877930e-01,-1.542354464530944824e+00,6.300941575318574905e-03,-3.259494900703430176e-01,-5.677999854087829590e-01,-4.290525615215301514e-01,6.223134398460388184e-01,-3.621984422206878662e-01,2.300628274679183960e-01,6.915838122367858887e-01,4.771830737590789795e-01,-1.329812705516815186e-01,-1.422997266054153442e-01,-5.622804760932922363e-01,-7.038910388946533203e-01,-9.346892237663269043e-01,1.101295709609985352e+00,-2.134788967669010162e-02,-2.170210033655166626e-01,1.476887315511703491e-01,-2.332925647497177124e-01,3.109752014279365540e-02,9.320237040519714355e-01,-2.240500748157501221e-01,1.087639331817626953e+00,2.552103698253631592e-01,6.615671329200267792e-03,1.747883260250091553e-01,2.234626114368438721e-01,-7.927403450012207031e-01,-1.404183804988861084e-01,1.121045827865600586e+00,2.792459428310394287e-01,-7.293263673782348633e-01,2.822438478469848633e-01
5.338002443313598633e-01,-1.544405698776245117e+00,5.985089577734470367e-03,-3.160127401351928711e-01,-5.724192261695861816e-01,-4.417382180690765381e-01,6.142796874046325684e-01,-3.806969225406646729e-01,2.598189711570739746e-01,6.887594461441040039e-01,5.351197123527526855e-01,-1.633025258779525757e-01,-1.574221849441528320e-01,-5.856842398643493652e-01,-6.916828751564025879e-01,-9.165855646133422852e-01,1.112736940383911133e+00,-3.150263428688049316e-02,-1.996075659990310669e-01,1.834569126367568970e-01,-2.340372055768966675e-01,3.209475427865982056e-02,9.388434290885925293e-01,-2.007827162742614746e-01,1.125015139579772949e+00,2.019792795181274414e-01,4.658900573849678040e-02,1.776423454284667969e-01,2.199865728616714478e-01,-7.879656553268432617e-01,-1.611786931753158569e-01,1.104612231254577637e+00,4.163386523723602295e-01,-7.753613591194152832e-01,2.094638198614120483e-01
5.334211587905883789e-01,-1.545832872390747070e+00,5.816308315843343735e-03,-3.072564899921417236e-01,-5.763859152793884277e-01,-4.523746073246002197e-01,6.072313189506530762e-01,-3.953363597393035889e-01,2.728651463985443115e-01,6.629968881607055664e-01,5.686023235321044922e-01,-1.798774898052215576e-01,-1.655260771512985229e-01,-6.047712564468383789e-01,-6.786484718322753906e-01,-8.999105691909790039e-01,1.119319558143615723e+00,-3.753319010138511658e-02,-1.857528090476989746e-01,2.152848392724990845e-01,-2.354791611433029175e-01,2.990960702300071716e-02,9.437668323516845703e-01,-1.722186952829360962e-01,1.161273598670959473e+00,2.023042440414428711e-01,9.321328997611999512e-02,1.997874230146408081e-01,2.180849909782409668e-01,-7.829450368881225586e-01,-1.751057505607604980e-01,1.098316669464111328e+00,5.077629685401916504e-01,-7.892137765884399414e-01,1.603476554155349731e-01
5.328189134597778320e-01,-1.547494888305664062e+00,5.885732360184192657e-03,-3.035567402839660645e-01,-5.781496167182922363e-01,-4.598504602909088135e-01,6.017756462097167969e-01,-4.163941740989685059e-01,2.779462039470672607e-01,6.123005151748657227e-01,6.012184619903564453e-01,-1.929222494363784790e-01,-1.599405258893966675e-01,-6.160766482353210449e-01,-6.636169552803039551e-01,-8.853875398635864258e-01,1.123481869697570801e+00,-4.012649878859519958e-02,-1.785637140274047852e-01,2.340537011623382568e-01,-2.325299829244613647e-01,2.837792411446571350e-02,9.492783546447753906e-01,-1.498292684555053711e-01,1.191387295722961426e+00,2.480409592390060425e-01,1.461113393306732178e-01,2.480233013629913330e-01,2.171941250562667847e-01,-7.778468728065490723e-01,-1.755573451519012451e-01,1.105873465538024902e+00,5.745789408683776855e-01,-7.868299484252929688e-01,1.146262511610984802e-01
5.322276353836059570e-01,-1.549836754798889160e+00,6.506776437163352966e-03,-3.046012520790100098e-01,-5.779905319213867188e-01,-4.642722904682159424e-01,5.979935526847839355e-01,-4.532547295093536377e-01,2.779121696949005127e-01,5.351417064666748047e-01,6.481128334999084473e-01,-1.888126134872436523e-01,-1.435490250587463379e-01,-6.184242963790893555e-01,-6.508264541625976562e-01,-8.773667812347412109e-01,1.128906846046447754e+00,-4.267973825335502625e-02,-1.741766035556793213e-01,2.423202842473983765e-01,-2.254356294870376587e-01,2.885341271758079529e-02,9.536625742912292480e-01,-1.409895271062850952e-01,1.210135698318481445e+00,3.294670581817626953e-01,1.994392722845077515e-01,3.289674818515777588e-01,2.204189151525497437e-01,-7.746996879577636719e-01,-1.683268100023269653e-01,1.125131011009216309e+00,6.168662309646606445e-01,-7.761104702949523926e-01,8.005897700786590576e-02
5.321348309516906738e-01,-1.552807569503784180e+00,7.625980768352746964e-03,-3.110255897045135498e-01,-5.751636028289794922e-01,-4.659114778041839600e-01,5.961346030235290527e-01,-5.086761713027954102e-01,2.714138031005859375e-01,4.336056113243103027e-01,7.136868834495544434e-01,-1.660925000905990601e-01,-1.218823194503784180e-01,-6.115776300430297852e-01,-6.409086585044860840e-01,-8.781139850616455078e-01,1.136309146881103516e+00,-4.607501626014709473e-02,-1.685138493776321411e-01,2.403770387172698975e-01,-2.118132263422012329e-01,2.643699757754802704e-02,9.571551084518432617e-01,-1.442826986312866211e-01,1.205775737762451172e+00,3.474952280521392822e-01,2.491473406553268433e-01,4.016424119472503662e-01,2.285948991775512695e-01,-7.750858068466186523e-01,-1.621309816837310791e-01,1.144918680191040039e+00,6.513625979423522949e-01,-7.608544230461120605e-01,6.735818088054656982e-02
5.321733355522155762e-01,-1.555719256401062012e+00,9.151658974587917328e-03,-3.184039890766143799e-01,-5.712537169456481934e-01,-4.664352238178253174e-01,5.955889821052551270e-01,-5.775765180587768555e-01,2.521553933620452881e-01,3.249046802520751953e-01,7.919117808341979980e-01,-1.109633669257164001e-01,-1.109915077686309814e-01,-6.024801135063171387e-01,-6.335210204124450684e-01,-8.831521272659301758e-01,1.143618106842041016e+00,-4.933159798383712769e-02,-1.630405634641647339e-01,2.359141707420349121e-01,-1.968003660440444946e-01,1.872419007122516632e-02,9.579883217811584473e-01,-1.547778844833374023e-01,1.184814453125000000e+00,3.118441700935363770e-01,3.158878386020660400e-01,4.399780631065368652e-01,2.387211322784423828e-01,-7.782556414604187012e-01,-1.601617634296417236e-01,1.158005237579345703e+00,6.741211414337158203e-01,-7.437750101089477539e-01,6.295310705900192261e-02
5.323994159698486328e-01,-1.558507800102233887e+00,1.136060338467359543e-02,-3.249727189540863037e-01,-5.685142278671264648e-01,-4.678296744823455811e-01,5.935652256011962891e-01,-6.456249356269836426e-01,2.188397943973541260e-01,2.192114740610122681e-01,8.722350597381591797e-01,-2.568337135016918182e-02,-1.264996677637100220e-01,-5.917032957077026367e-01,-6.249094605445861816e-01,-8.878980875015258789e-01,1.150139451026916504e+00,-5.335597693920135498e-02,-1.576790362596511841e-01,2.357199639081954956e-01,-1.807672381401062012e-01,1.322845090180635452e-02,9.566118717193603516e-01,-1.663560122251510620e-01,1.168889164924621582e+00,3.293241858482360840e-01,3.485496640205383301e-01,4.576208591461181641e-01,2.532417178153991699e-01,-7.826979160308837891e-01,-1.598150283098220825e-01,1.166165232658386230e+00,6.820613741874694824e-01,-7.238358855247497559e-01,6.594299525022506714e-02
5.328142642974853516e-01,-1.560618042945861816e+00,1.321366243064403534e-02,-3.304364979267120361e-01,-5.668070316314697266e-01,-4.709191322326660156e-01,5.897259116172790527e-01,-7.081341743469238281e-01,1.745087951421737671e-01,1.175742521882057190e-01,9.515274763107299805e-01,7.522757351398468018e-02,-1.727437376976013184e-01,-5.808870792388916016e-01,-6.119624376296997070e-01,-8.919394016265869141e-01,1.152843356132507324e+00,-5.750969797372817993e-02,-1.550371199846267700e-01,2.423673570156097412e-01,-1.637514084577560425e-01,7.880996912717819214e-03,9.530051946640014648e-01,-1.753848493099212646e-01,1.142056226730346680e+00,4.164053797721862793e-01,3.383148312568664551e-01,4.798443019390106201e-01,2.733594477176666260e-01,-7.884227037429809570e-01,-1.611321866512298584e-01,1.167239785194396973e+00,6.812743544578552246e-01,-7.092365622520446777e-01,6.655403226613998413e-02
5.337965488433837891e-01,-1.561487317085266113e+00,1.471367385238409042e-02,-3.330811262130737305e-01,-5.664696693420410156e-01,-4.761918485164642334e-01,5.843033194541931152e-01,-7.633375525474548340e-01,1.220262795686721802e-01,2.834494411945343018e-02,1.035887479782104492e+00,1.611636132001876831e-01,-2.182625830173492432e-01,-5.743460059165954590e-01,-5.957995653152465820e-01,-8.903305530548095703e-01,1.152349710464477539e+00,-6.451947242021560669e-02,-1.444509625434875488e-01,2.594372630119323730e-01,-1.467008739709854126e-01,-1.372353639453649521e-03,9.455370306968688965e-01,-1.768593490123748779e-01,1.098963141441345215e+00,5.261576175689697266e-01,2.799781560897827148e-01,4.936759471893310547e-01,2.957183122634887695e-01,-7.918081879615783691e-01,-1.677102297544479370e-01,1.163002014160156250e+00,6.728197932243347168e-01,-7.080231308937072754e-01,6.229561194777488708e-02
5.342387557029724121e-01,-1.562008142471313477e+00,1.506882812827825546e-02,-3.338313102722167969e-01,-5.664339661598205566e-01,-4.832833707332611084e-01,5.780540108680725098e-01,-8.123083710670471191e-01,6.412550061941146851e-02,-5.540744587779045105e-02,1.129152536392211914e+00,2.201522290706634521e-01,-2.675752937793731689e-01,-5.723018050193786621e-01,-5.768074393272399902e-01,-8.873446583747863770e-01,1.153067111968994141e+00,-8.108647912740707397e-02,-1.309383511543273926e-01,2.820900976657867432e-01,-1.301979273557662964e-01,-1.569483987987041473e-02,9.439876675605773926e-01,-1.729529052972793579e-01,1.030362010002136230e+00,6.187658905982971191e-01,2.195037156343460083e-01,4.853294193744659424e-01,3.143708407878875732e-01,-7.912111282348632812e-01,-1.774769276380538940e-01,1.156161904335021973e+00,6.656175255775451660e-01,-7.127776145935058594e-01,5.622050538659095764e-02
5.353108048439025879e-01,-1.562532305717468262e+00,1.507927849888801575e-02,-3.339183628559112549e-01,-5.669948458671569824e-01,-4.933056235313415527e-01,5.689155459403991699e-01,-8.447180390357971191e-01,5.782645195722579956e-03,-1.331094950437545776e-01,1.217779040336608887e+00,2.310041636228561401e-01,-2.999114096164703369e-01,-5.708712339401245117e-01,-5.527584552764892578e-01,-8.848947882652282715e-01,1.154814004898071289e+00,-1.014800518751144409e-01,-1.264568418264389038e-01,3.129377961158752441e-01,-1.120023503899574280e-01,-3.154656663537025452e-02,9.417564272880554199e-01,-1.619815826416015625e-01,9.297017455101013184e-01,6.919044852256774902e-01,1.598376333713531494e-01,4.768263399600982666e-01,3.314520716667175293e-01,-7.871353626251220703e-01,-1.885575205087661743e-01,1.147347569465637207e+00,6.683929562568664551e-01,-7.211982607841491699e-01,4.669275507330894470e-02
5.342296361923217773e-01,-1.562215924263000488e+00,1.358676329255104065e-02,-3.291482925415039062e-01,-5.692073702812194824e-01,-5.069994926452636719e-01,5.573292374610900879e-01,-8.583468794822692871e-01,-3.980342671275138855e-02,-1.988698840141296387e-01,1.282016277313232422e+00,1.093030646443367004e-01,-3.262548744678497314e-01,-5.746741294860839844e-01,-5.202134251594543457e-01,-8.810654878616333008e-01,1.149352073669433594e+00,-1.164272204041481018e-01,-1.272245049476623535e-01,3.562038242816925049e-01,-9.878753125667572021e-02,-6.176885589957237244e-02,9.451614022254943848e-01,-1.387817859649658203e-01,7.781693339347839355e-01,8.109619617462158203e-01,6.613913178443908691e-02,4.641926586627960205e-01,3.398154377937316895e-01,-7.758447527885437012e-01,-2.056929469108581543e-01,1.137607574462890625e+00,6.703217625617980957e-01,-7.310897707939147949e-01,3.194743767380714417e-02
5.321133732795715332e-01,-1.562497258186340332e+00,1.253506075590848923e-02,-3.188902437686920166e-01,-5.744809508323669434e-01,-5.232645273208618164e-01,5.426553487777709961e-01,-8.494842052459716797e-01,-5.719682946801185608e-02,-2.376507669687271118e-01,1.306944131851196289e+00,7.029377669095993042e-02,-3.487865626811981201e-01,-5.825256705284118652e-01,-4.877233207225799561e-01,-8.696469664573669434e-01,1.143810749053955078e+00,-1.155856326222419739e-01,-1.013772115111351013e-01,4.104433059692382812e-01,-9.162255376577377319e-02,-1.488532572984695435e-01,9.694695472717285156e-01,-2.776389718055725098e-01,6.572604775428771973e-01,8.674082159996032715e-01,3.622684255242347717e-02,4.528658986091613770e-01,3.369870185852050781e-01,-7.585679292678833008e-01,-2.404256016016006470e-01,1.127930998802185059e+00,6.696423292160034180e-01,-7.549918889999389648e-01,8.250548504292964935e-03
5.285854935646057129e-01,-1.561737298965454102e+00,1.013813260942697525e-02,-3.024941980838775635e-01,-5.814271569252014160e-01,-5.428069233894348145e-01,5.251669883728027344e-01,-8.315085768699645996e-01,-4.017443582415580750e-02,-2.487393319606781006e-01,1.300145506858825684e+00,6.839997321367263794e-02,-3.523621261119842529e-01,-5.912238955497741699e-01,-4.521659910678863525e-01,-8.629440665245056152e-01,1.130979418754577637e+00,-1.065008714795112610e-01,-6.954614073038101196e-02,4.717495441436767578e-01,-8.777498453855514526e-02,-3.118757903575897217e-01,9.703330397605895996e-01,-4.857023060321807861e-01,5.531741976737976074e-01,9.186466932296752930e-01,1.829342544078826904e-02,4.553151428699493408e-01,3.037599623203277588e-01,-7.211678624153137207e-01,-3.111784160137176514e-01,1.110676527023315430e+00,6.353213787078857422e-01,-8.067183494567871094e-01,-1.688515208661556244e-02
5.251784920692443848e-01,-1.560705184936523438e+00,9.671903215348720551e-03,-2.810087502002716064e-01,-5.915486812591552734e-01,-5.665225982666015625e-01,5.001564025878906250e-01,-8.028550148010253906e-01,-1.945803058333694935e-03,-2.393767237663269043e-01,1.289532303810119629e+00,7.875380665063858032e-02,-3.583113551139831543e-01,-5.965522527694702148e-01,-4.094304442405700684e-01,-8.491048812866210938e-01,1.115270853042602539e+00,-9.656244516372680664e-02,-2.999887615442276001e-02,5.441992878913879395e-01,-8.831986039876937866e-02,-5.375066399574279785e-01,9.334226250648498535e-01,-7.236183881759643555e-01,4.664835631847381592e-01,9.895850419998168945e-01,-5.298980511724948883e-03,4.681312441825866699e-01,2.455869615077972412e-01,-6.624498367309570312e-01,-4.068233370780944824e-01,1.056024789810180664e+00,5.677058100700378418e-01,-8.819600343704223633e-01,-4.267008975148200989e-02
5.226426124572753906e-01,-1.560612678527832031e+00,1.045775413513183594e-02,-2.579101026058197021e-01,-6.005523800849914551e-01,-5.904364585876464844e-01,4.735018610954284668e-01,-7.824839353561401367e-01,3.231202438473701477e-02,-2.237016558647155762e-01,1.301924467086791992e+00,5.323709920048713684e-02,-3.368146121501922607e-01,-6.035026907920837402e-01,-3.664875626564025879e-01,-8.310013413429260254e-01,1.104478001594543457e+00,-8.987298607826232910e-02,5.719990003854036331e-03,6.026466488838195801e-01,-9.378310292959213257e-02,-7.632492780685424805e-01,8.415935039520263672e-01,-9.372197985649108887e-01,4.140936434268951416e-01,1.056190013885498047e+00,-8.654307574033737183e-03,4.619802236557006836e-01,1.612551063299179077e-01,-5.881393551826477051e-01,-5.133424997329711914e-01,9.627553224563598633e-01,4.706420898437500000e-01,-9.627353549003601074e-01,-6.120363622903823853e-02
5.187662243843078613e-01,-1.560872673988342285e+00,1.258511096239089966e-02,-2.375998497009277344e-01,-6.072030663490295410e-01,-6.126832365989685059e-01,4.466205835342407227e-01,-7.635325789451599121e-01,6.328093260526657104e-02,-2.036718577146530151e-01,1.327269792556762695e+00,2.012731565628200769e-04,-2.589811980724334717e-01,-6.038845181465148926e-01,-3.164142966270446777e-01,-8.077504634857177734e-01,1.088521480560302734e+00,-7.486230880022048950e-02,3.814898803830146790e-02,6.430876851081848145e-01,-9.855718165636062622e-02,-9.493846893310546875e-01,6.988959908485412598e-01,-1.116514444351196289e+00,3.959760367870330811e-01,1.104028940200805664e+00,4.005938768386840820e-03,4.642779231071472168e-01,7.592821866273880005e-02,-5.004488825798034668e-01,-5.915144085884094238e-01,8.353930711746215820e-01,3.316760957241058350e-01,-1.018674969673156738e+00,-5.588316172361373901e-02
5.144780874252319336e-01,-1.562342166900634766e+00,1.721314527094364166e-02,-2.181586623191833496e-01,-6.126595735549926758e-01,-6.320250630378723145e-01,4.214254021644592285e-01,-7.430542707443237305e-01,8.296135067939758301e-02,-1.815996319055557251e-01,1.355704665184020996e+00,-5.965375527739524841e-02,-1.592565327882766724e-01,-6.034152507781982422e-01,-2.691634595394134521e-01,-7.767340540885925293e-01,1.076367855072021484e+00,-5.453506112098693848e-02,5.872389674186706543e-02,6.586282849311828613e-01,-9.950825572013854980e-02,-1.070701837539672852e+00,5.301398038864135742e-01,-1.217043399810791016e+00,4.009897112846374512e-01,1.094248175621032715e+00,5.073583126068115234e-02,4.341222941875457764e-01,6.296883337199687958e-03,-4.194959402084350586e-01,-6.108147501945495605e-01,7.080768942832946777e-01,1.783903986215591431e-01,-1.032012820243835449e+00,-3.251862525939941406e-02
5.103426575660705566e-01,-1.563719511032104492e+00,2.341999113559722900e-02,-1.968294978141784668e-01,-6.158648133277893066e-01,-6.502225399017333984e-01,3.989728391170501709e-01,-7.243869900703430176e-01,9.727719426155090332e-02,-1.568774878978729248e-01,1.375998020172119141e+00,-1.077964380383491516e-01,-5.827677994966506958e-02,-6.097457408905029297e-01,-2.227116376161575317e-01,-7.384909391403198242e-01,1.065093636512756348e+00,-3.913203999400138855e-02,7.018199563026428223e-02,6.506164073944091797e-01,-1.004444360733032227e-01,-1.144937872886657715e+00,3.566614389419555664e-01,-1.271627426147460938e+00,4.148739278316497803e-01,1.045361638069152832e+00,1.176405996084213257e-01,4.175657331943511963e-01,-6.542702019214630127e-02,-3.524963855743408203e-01,-6.000320911407470703e-01,5.887408852577209473e-01,5.686288699507713318e-03,-1.011751174926757812e+00,7.143002469092607498e-03
5.056739449501037598e-01,-1.564374446868896484e+00,3.120192326605319977e-02,-1.665106117725372314e-01,-6.193618774414062500e-01,-6.683068275451660156e-01,3.768700659275054932e-01,-7.017408609390258789e-01,1.090331971645355225e-01,-1.236615628004074097e-01,1.378287672996520996e+00,-1.471357196569442749e-01,2.031010808423161507e-03,-6.268116235733032227e-01,-1.789307892322540283e-01,-6.889373660087585449e-01,1.053472161293029785e+00,-3.178125247359275818e-02,7.604782283306121826e-02,6.296975016593933105e-01,-1.035511046648025513e-01,-1.182535648345947266e+00,2.027551978826522827e-01,-1.286464571952819824e+00,4.264105856418609619e-01,9.927650690078735352e-01,2.100273817777633667e-01,3.819379806518554688e-01,-1.448648124933242798e-01,-2.973062098026275635e-01,-5.623004436492919922e-01,4.715785980224609375e-01,-2.183442860841751099e-01,-9.577798843383789062e-01,9.428011626005172729e-02
5.010455250740051270e-01,-1.563284635543823242e+00,3.982913121581077576e-02,-1.255206763744354248e-01,-6.248250603675842285e-01,-6.829715967178344727e-01,3.569145798683166504e-01,-6.822966337203979492e-01,1.089642047882080078e-01,-7.717261463403701782e-02,1.364837169647216797e+00,-1.866598874330520630e-01,3.998835757374763489e-02,-6.571488976478576660e-01,-1.458986252546310425e-01,-6.298032402992248535e-01,1.039687275886535645e+00,-2.637377753853797913e-02,6.848440319299697876e-02,5.468655824661254883e-01,-1.087157800793647766e-01,-1.195402503013610840e+00,1.197827234864234924e-01,-1.265821695327758789e+00,4.169608056545257568e-01,9.340664744377136230e-01,3.044318556785583496e-01,3.381372392177581787e-01,-2.555483579635620117e-01,-2.447928339242935181e-01,-4.462347030639648438e-01,3.773032724857330322e-01,-4.206458926200866699e-01,-8.951644897460937500e-01,1.658978909254074097e-01
4.957517087459564209e-01,-1.562220692634582520e+00,4.863786324858665466e-02,-7.356563210487365723e-02,-6.301010251045227051e-01,-6.952601671218872070e-01,3.378965854644775391e-01,-6.752488017082214355e-01,1.075132563710212708e-01,-1.369983889162540436e-02,1.348939418792724609e+00,-2.405429035425186157e-01,7.827836275100708008e-02,-7.059268951416015625e-01,-1.148789972066879272e-01,-5.597977042198181152e-01,1.027608513832092285e+00,-1.822616159915924072e-02,6.801057606935501099e-02,4.632174372673034668e-01,-1.334856748580932617e-01,-1.213113307952880859e+00,5.632283911108970642e-02,-1.276135683059692383e+00,4.314221739768981934e-01,8.687834143638610840e-01,4.442756474018096924e-01,2.904813289642333984e-01,-3.755414187908172607e-01,-1.782448142766952515e-01,-3.044522106647491455e-01,2.995855212211608887e-01,-6.010245680809020996e-01,-8.600670695304870605e-01,2.368880063295364380e-01
4.874324500560760498e-01,-1.563261151313781738e+00,5.960986763238906860e-02,-2.655935473740100861e-02,-6.398270726203918457e-01,-7.028370499610900879e-01,3.097353577613830566e-01,-6.431389451026916504e-01,8.886902779340744019e-02,4.911819472908973694e-02,1.330331087112426758e+00,-2.955555021762847900e-01,1.202233806252479553e-01,-7.321429848670959473e-01,-8.482080698013305664e-02,-4.780250787734985352e-01,1.022639989852905273e+00,-1.983590051531791687e-02,7.692012935876846313e-02,3.762656152248382568e-01,-1.390875875949859619e-01,-1.219692707061767578e+00,8.281314745545387268e-03,-1.295241594314575195e+00,4.663373827934265137e-01,8.434564471244812012e-01,5.250861644744873047e-01,2.901062965393066406e-01,-4.546704888343811035e-01,-1.126333847641944885e-01,-1.704275757074356079e-01,2.173373997211456299e-01,-7.516704797744750977e-01,-8.199123740196228027e-01,2.645443379878997803e-01
4.764124751091003418e-01,-1.565118193626403809e+00,7.293926924467086792e-02,1.127154845744371414e-02,-6.463267207145690918e-01,-7.078920602798461914e-01,2.846463918685913086e-01,-6.100958585739135742e-01,5.628372728824615479e-02,8.780483901500701904e-02,1.305828809738159180e+00,-3.307095468044281006e-01,1.485818922519683838e-01,-7.466422915458679199e-01,-5.072600394487380981e-02,-3.896785378456115723e-01,1.015344977378845215e+00,-2.321163564920425415e-02,8.769967406988143921e-02,2.712180316448211670e-01,-1.271176934242248535e-01,-1.210808277130126953e+00,-1.873490214347839355e-02,-1.290652751922607422e+00,5.046466588973999023e-01,8.407376408576965332e-01,5.349001288414001465e-01,2.930932939052581787e-01,-5.088949799537658691e-01,-5.971309915184974670e-02,-6.079370528459548950e-02,1.218882426619529724e-01,-8.712943196296691895e-01,-7.434652447700500488e-01,2.406364083290100098e-01
4.664884507656097412e-01,-1.567121624946594238e+00,8.468925207853317261e-02,4.650029540061950684e-02,-6.471611261367797852e-01,-7.105498909950256348e-01,2.722848951816558838e-01,-6.129238009452819824e-01,3.345177322626113892e-02,1.222232729196548462e-01,1.289420247077941895e+00,-3.338791728019714355e-01,1.748365014791488647e-01,-7.754647731781005859e-01,-1.303881127387285233e-02,-3.014628291130065918e-01,1.002690553665161133e+00,-2.039711922407150269e-02,8.810896426439285278e-02,1.488960832357406616e-01,-1.084052845835685730e-01,-1.204649925231933594e+00,-2.246909029781818390e-02,-1.298165917396545410e+00,5.239647030830383301e-01,8.246912360191345215e-01,5.641534924507141113e-01,2.817943990230560303e-01,-5.549937486648559570e-01,-2.959491126239299774e-02,5.561565514653921127e-03,1.706152805127203465e-03,-9.918840527534484863e-01,-6.020330786705017090e-01,1.689913719892501831e-01
4.584519863128662109e-01,-1.568158745765686035e+00,9.391321986913681030e-02,8.691237866878509521e-02,-6.460940241813659668e-01,-7.088090777397155762e-01,2.694409489631652832e-01,-6.512254476547241211e-01,4.453165456652641296e-02,1.950378715991973877e-01,1.290382027626037598e+00,-3.304328322410583496e-01,1.944139152765274048e-01,-8.230972290039062500e-01,1.936371251940727234e-02,-2.193659842014312744e-01,9.818283915519714355e-01,-1.273241546005010605e-02,9.038688987493515015e-02,1.984012126922607422e-02,-9.472819417715072632e-02,-1.209984064102172852e+00,1.187993865460157394e-02,-1.319304943084716797e+00,5.165350437164306641e-01,8.034660220146179199e-01,6.209115386009216309e-01,2.526177465915679932e-01,-5.956150889396667480e-01,9.429689496755599976e-03,7.706556469202041626e-02,-1.329188793897628784e-01,-1.105581164360046387e+00,-4.893812537193298340e-01,6.657575070858001709e-02
4.509499967098236084e-01,-1.569053292274475098e+00,1.012571826577186584e-01,1.291946023702621460e-01,-6.441727876663208008e-01,-7.033435106277465820e-01,2.714002728462219238e-01,-7.090922594070434570e-01,8.416675776243209839e-02,2.945721149444580078e-01,1.307729601860046387e+00,-3.092131018638610840e-01,1.882955729961395264e-01,-8.749652504920959473e-01,4.520566761493682861e-02,-1.526749581098556519e-01,9.511434435844421387e-01,-3.176424652338027954e-03,1.036978960037231445e-01,-7.627554982900619507e-02,-9.563747793436050415e-02,-1.223751902580261230e+00,3.797726333141326904e-02,-1.362483024597167969e+00,5.063672065734863281e-01,8.273047804832458496e-01,6.798928976058959961e-01,2.166934013366699219e-01,-5.907883644104003906e-01,5.611931532621383667e-02,6.465685367584228516e-02,-2.999621331691741943e-01,-1.207640290260314941e+00,-4.119547009468078613e-01,-4.055213555693626404e-02
4.431252479553222656e-01,-1.568919777870178223e+00,1.075296700000762939e-01,1.685790121555328369e-01,-6.390177607536315918e-01,-6.966762542724609375e-01,2.790692150592803955e-01,-7.871152162551879883e-01,1.176503598690032959e-01,3.599100410938262939e-01,1.328565955162048340e+00,-2.810492217540740967e-01,1.985403746366500854e-01,-9.201965332031250000e-01,5.559020116925239563e-02,-1.291454136371612549e-01,9.097151756286621094e-01,-3.529283683747053146e-03,1.322755068540573120e-01,-1.438576877117156982e-01,-9.893116354942321777e-02,-1.230024814605712891e+00,4.518377035856246948e-02,-1.392625331878662109e+00,4.917621910572052002e-01,8.901228308677673340e-01,7.026114463806152344e-01,1.873836815357208252e-01,-5.848743319511413574e-01,8.470886200666427612e-02,4.928915947675704956e-02,-4.532715678215026855e-01,-1.198274493217468262e+00,-3.802071511745452881e-01,-4.395119100809097290e-02
4.336374998092651367e-01,-1.567891001701354980e+00,1.143091022968292236e-01,2.046595066785812378e-01,-6.352978944778442383e-01,-6.876904964447021484e-01,2.856446802616119385e-01,-8.652840852737426758e-01,1.295713484287261963e-01,3.921995162963867188e-01,1.332375526428222656e+00,-2.684021294116973877e-01,2.023349553346633911e-01,-9.544469714164733887e-01,4.651778563857078552e-02,-1.359817236661911011e-01,8.772941231727600098e-01,-1.215999107807874680e-02,1.455225199460983276e-01,-1.876038759946823120e-01,-1.087233424186706543e-01,-1.229359984397888184e+00,3.568399697542190552e-02,-1.420888185501098633e+00,4.690539240837097168e-01,9.118563532829284668e-01,7.110711932182312012e-01,1.777166426181793213e-01,-5.739528536796569824e-01,9.697526693344116211e-02,-2.109408378601074219e-02,-5.555862188339233398e-01,-1.158791065216064453e+00,-3.498056232929229736e-01,-8.085834980010986328e-02
4.241399168968200684e-01,-1.566314697265625000e+00,1.221662387251853943e-01,2.347767353057861328e-01,-6.308455467224121094e-01,-6.791294813156127930e-01,2.927404046058654785e-01,-9.398269653320312500e-01,1.420779228210449219e-01,4.084731638431549072e-01,1.317785263061523438e+00,-2.623043060302734375e-01,2.040655761957168579e-01,-9.847710132598876953e-01,3.192776441574096680e-02,-1.391891986131668091e-01,8.671849370002746582e-01,-2.537840977311134338e-02,1.191934794187545776e-01,-2.419457286596298218e-01,-1.165960431098937988e-01,-1.229715228080749512e+00,3.449907898902893066e-02,-1.431990504264831543e+00,4.333992302417755127e-01,9.236292243003845215e-01,7.236923575401306152e-01,1.694486588239669800e-01,-5.683791041374206543e-01,9.708457440137863159e-02,-7.646387815475463867e-02,-6.396907567977905273e-01,-1.166896224021911621e+00,-3.347795307636260986e-01,-9.251339733600616455e-02
4.137659072875976562e-01,-1.565592527389526367e+00,1.310045719146728516e-01,2.610104382038116455e-01,-6.289667487144470215e-01,-6.687191128730773926e-01,2.984780669212341309e-01,-1.008831739425659180e+00,1.463980972766876221e-01,4.095679819583892822e-01,1.289928317070007324e+00,-2.385456860065460205e-01,2.123328745365142822e-01,-1.019196033477783203e+00,6.078274454921483994e-04,-1.512737870216369629e-01,9.050580263137817383e-01,-6.232717633247375488e-02,4.100568592548370361e-02,-3.159689903259277344e-01,-1.272061020135879517e-01,-1.239592432975769043e+00,5.350103229284286499e-02,-1.434391379356384277e+00,4.084760844707489014e-01,9.670143723487854004e-01,8.075761795043945312e-01,1.912407130002975464e-01,-5.466586947441101074e-01,8.707799017429351807e-02,-1.149122118949890137e-01,-6.980710625648498535e-01,-1.238009214401245117e+00,-2.989027500152587891e-01,-7.654275745153427124e-02
4.010581374168395996e-01,-1.567582130432128906e+00,1.419660151004791260e-01,2.892732322216033936e-01,-6.311127543449401855e-01,-6.590841412544250488e-01,2.891812324523925781e-01,-1.055076479911804199e+00,1.487682759761810303e-01,4.057469666004180908e-01,1.260909557342529297e+00,-2.194998413324356079e-01,2.083307504653930664e-01,-1.039728045463562012e+00,-1.014266628772020340e-02,-1.154086068272590637e-01,9.663091301918029785e-01,-8.874764293432235718e-02,6.972088664770126343e-02,-3.860294222831726074e-01,-1.505446434020996094e-01,-1.252917170524597168e+00,9.142886847257614136e-02,-1.424232840538024902e+00,4.087029695510864258e-01,1.052673578262329102e+00,8.851719498634338379e-01,2.408373802900314331e-01,-5.231189727783203125e-01,5.800321325659751892e-02,-3.887681290507316589e-02,-6.980999708175659180e-01,-1.431335926055908203e+00,-3.359715044498443604e-01,-6.101182103157043457e-02
3.857908248901367188e-01,-1.572495222091674805e+00,1.542961299419403076e-01,3.139118254184722900e-01,-6.348862648010253906e-01,-6.532162427902221680e-01,2.677450180053710938e-01,-1.083705782890319824e+00,1.519942432641983032e-01,3.872436285018920898e-01,1.251585125923156738e+00,-2.225953042507171631e-01,2.106493413448333740e-01,-1.035721659660339355e+00,-1.202049897983670235e-03,-3.848075866699218750e-02,1.038102865219116211e+00,-1.046238839626312256e-01,1.012769266963005066e-01,-4.520970880985260010e-01,-1.815715730190277100e-01,-1.255513548851013184e+00,1.368830651044845581e-01,-1.429688215255737305e+00,3.928673863410949707e-01,1.129549622535705566e+00,1.061259508132934570e+00,3.256515264511108398e-01,-5.113203525543212891e-01,2.639307454228401184e-02,-7.888090331107378006e-04,-6.980999708175659180e-01,-1.529596209526062012e+00,-3.616543710231781006e-01,-3.497883677482604980e-02
3.690283596515655518e-01,-1.580700278282165527e+00,1.649819612503051758e-01,3.308721482753753662e-01,-6.366651058197021484e-01,-6.537755131721496582e-01,2.403305470943450928e-01,-1.105872988700866699e+00,1.621463745832443237e-01,3.517406284809112549e-01,1.273302793502807617e+00,-2.261056303977966309e-01,2.086759358644485474e-01,-9.931142926216125488e-01,2.197588235139846802e-02,4.794767126441001892e-02,1.090798139572143555e+00,-1.352425217628479004e-01,1.484662592411041260e-01,-5.061877369880676270e-01,-2.115514278411865234e-01,-1.197844624519348145e+00,2.287266105413436890e-01,-1.352488994598388672e+00,2.969328761100769043e-01,1.191851854324340820e+00,1.030040860176086426e+00,3.306706845760345459e-01,-5.056230425834655762e-01,-1.881864480674266815e-02,2.961637265980243683e-02,-6.980999708175659180e-01,-1.659951448440551758e+00,-3.067659139633178711e-01,2.131091197952628136e-03
3.520982265472412109e-01,-1.592098832130432129e+00,1.728702038526535034e-01,3.421713113784790039e-01,-6.382623910903930664e-01,-6.582680344581604004e-01,2.054824978113174438e-01,-1.121717095375061035e+00,1.792763769626617432e-01,3.171499371528625488e-01,1.328238010406494141e+00,-2.200023978948593140e-01,2.077701836824417114e-01,-9.153470396995544434e-01,4.234039783477783203e-02,1.287052184343338013e-01,1.115109562873840332e+00,-1.630259901285171509e-01,2.168813049793243408e-01,-5.141772031784057617e-01,-2.540766000747680664e-01,-1.145439386367797852e+00,2.606455981731414795e-01,-1.301983833312988281e+00,2.308158427476882935e-01,1.241837382316589355e+00,1.011436343193054199e+00,3.436442613601684570e-01,-4.822254478931427002e-01,-6.759928911924362183e-02,1.465422008186578751e-02,-6.980999708175659180e-01,-1.725189447402954102e+00,-2.856677472591400146e-01,5.593225825577974319e-03
3.367514610290527344e-01,-1.603367447853088379e+00,1.786454170942306519e-01,3.453378379344940186e-01,-6.355737447738647461e-01,-6.648576259613037109e-01,1.864193975925445557e-01,-1.169579505920410156e+00,1.843975037336349487e-01,2.608866989612579346e-01,1.403480052947998047e+00,-2.066869288682937622e-01,2.139371037483215332e-01,-8.393411636352539062e-01,5.944698676466941833e-02,1.832802593708038330e-01,1.117481231689453125e+00,-1.738367676734924316e-01,2.561064362525939941e-01,-5.160950422286987305e-01,-2.672426998615264893e-01,-1.095143914222717285e+00,2.515291273593902588e-01,-1.264290690422058105e+00,1.995101571083068848e-01,1.269147038459777832e+00,1.007247924804687500e+00,3.621392548084259033e-01,-4.577434360980987549e-01,-1.215700283646583557e-01,-2.092233113944530487e-02,-6.980999708175659180e-01,-1.702741384506225586e+00,-2.868140935897827148e-01,1.089364476501941681e-02
3.234099447727203369e-01,-1.615157485008239746e+00,1.855061352252960205e-01,3.512307107448577881e-01,-6.330764889717102051e-01,-6.687306165695190430e-01,1.692645996809005737e-01,-1.235144019126892090e+00,1.876770555973052979e-01,2.245269268751144409e-01,1.488744139671325684e+00,-1.925973892211914062e-01,2.187434732913970947e-01,-7.903682589530944824e-01,4.288998991250991821e-02,1.849817782640457153e-01,1.130229949951171875e+00,-1.786553859710693359e-01,2.778695821762084961e-01,-5.004356503486633301e-01,-2.690369188785552979e-01,-1.045534610748291016e+00,2.198721021413803101e-01,-1.224688053131103516e+00,1.858552098274230957e-01,1.309314727783203125e+00,9.936094284057617188e-01,3.637312352657318115e-01,-4.396162033081054688e-01,-1.816206723451614380e-01,-5.915668234229087830e-02,-6.980999708175659180e-01,-1.664012074470520020e+00,-2.873916923999786377e-01,9.724097326397895813e-03
3.133542239665985107e-01,-1.626599431037902832e+00,1.940654367208480835e-01,3.690137267112731934e-01,-6.292636394500732422e-01,-6.682904958724975586e-01,1.457528769969940186e-01,-1.316483974456787109e+00,2.113717496395111084e-01,2.218939363956451416e-01,1.574947834014892578e+00,-1.702335178852081299e-01,2.105764150619506836e-01,-7.841775417327880859e-01,2.349700033664703369e-02,1.996842175722122192e-01,1.166937112808227539e+00,-1.713014245033264160e-01,2.960589528083801270e-01,-4.422370195388793945e-01,-2.663067281246185303e-01,-1.027969360351562500e+00,1.796911805868148804e-01,-1.206026077270507812e+00,1.707464903593063354e-01,1.348986148834228516e+00,9.763537645339965820e-01,3.747774958610534668e-01,-4.243658185005187988e-01,-2.409582734107971191e-01,-9.823687374591827393e-02,-6.980999708175659180e-01,-1.643512487411499023e+00,-2.941575944423675537e-01,6.619191262871026993e-03
3.024008572101593018e-01,-1.634112000465393066e+00,2.061983346939086914e-01,3.859785795211791992e-01,-6.291208863258361816e-01,-6.623328924179077148e-01,1.286179572343826294e-01,-1.392946124076843262e+00,2.128479629755020142e-01,2.334537953138351440e-01,1.622564315795898438e+00,-1.626723706722259521e-01,2.058536559343338013e-01,-7.908779978752136230e-01,-1.646731980144977570e-02,2.002995014190673828e-01,1.188969135284423828e+00,-1.638209223747253418e-01,2.991266548633575439e-01,-4.027228057384490967e-01,-2.604924440383911133e-01,-1.020842313766479492e+00,1.468752771615982056e-01,-1.197240829467773438e+00,1.648818105459213257e-01,1.362384319305419922e+00,9.770023822784423828e-01,3.753520846366882324e-01,-4.188829958438873291e-01,-2.914661467075347900e-01,-1.281344890594482422e-01,-6.980999708175659180e-01,-1.635022759437561035e+00,-3.011428415775299072e-01,6.742570549249649048e-03
2.925937473773956299e-01,-1.642534971237182617e+00,2.211277484893798828e-01,4.070365130901336670e-01,-6.289784312248229980e-01,-6.527394652366638184e-01,1.124216020107269287e-01,-1.494653940200805664e+00,2.175436168909072876e-01,2.473449558019638062e-01,1.669279098510742188e+00,-1.584467738866806030e-01,1.830128878355026245e-01,-8.219258189201354980e-01,-6.231924518942832947e-02,2.022777795791625977e-01,1.208832383155822754e+00,-1.557480394840240479e-01,2.899085283279418945e-01,-3.638352453708648682e-01,-2.441475987434387207e-01,-1.028691887855529785e+00,1.176874935626983643e-01,-1.185664415359497070e+00,1.545584201812744141e-01,1.379874825477600098e+00,9.805588126182556152e-01,3.745869994163513184e-01,-4.231080710887908936e-01,-3.484738469123840332e-01,-1.515697389841079712e-01,-6.980999708175659180e-01,-1.623625636100769043e+00,-3.109944760799407959e-01,7.449286524206399918e-03
2.835018038749694824e-01,-1.650951266288757324e+00,2.416971325874328613e-01,4.315811395645141602e-01,-6.268030405044555664e-01,-6.413595080375671387e-01,9.753807634115219116e-02,-1.610712766647338867e+00,2.240778356790542603e-01,2.598327696323394775e-01,1.700064778327941895e+00,-1.585985571146011353e-01,1.486362814903259277e-01,-8.722656369209289551e-01,-1.082406491041183472e-01,2.007207721471786499e-01,1.218967437744140625e+00,-1.475730687379837036e-01,2.765899002552032471e-01,-3.363965153694152832e-01,-2.164956182241439819e-01,-1.056821703910827637e+00,1.020359322428703308e-01,-1.181165933609008789e+00,1.403721272945404053e-01,1.397171616554260254e+00,9.850926399230957031e-01,3.752774596214294434e-01,-4.522871673107147217e-01,-4.139517843723297119e-01,-1.575141251087188721e-01,-6.980999708175659180e-01,-1.611936569213867188e+00,-3.191298842430114746e-01,6.897458806633949280e-03
2.862046957015991211e-01,-1.658572077751159668e+00,2.608268857002258301e-01,4.854510426521301270e-01,-5.824168324470520020e-01,-6.452932953834533691e-01,9.340462833642959595e-02,-1.876195192337036133e+00,2.525309920310974121e-01,1.048063039779663086e-01,1.779757976531982422e+00,-1.794086396694183350e-01,-6.881333142518997192e-02,-9.983207583427429199e-01,-1.022889837622642517e-01,7.485706359148025513e-02,1.219994068145751953e+00,-9.220965206623077393e-02,1.724143326282501221e-01,-2.615902721881866455e-01,-9.726518392562866211e-02,-1.101268291473388672e+00,8.891492336988449097e-02,-1.157464027404785156e+00,9.115482866764068604e-02,1.529121994972229004e+00,9.523997902870178223e-01,4.610860645771026611e-01,-5.274648666381835938e-01,-4.919019639492034912e-01,-1.476593017578125000e-01,-6.980999708175659180e-01,-1.547334671020507812e+00,-3.357575237751007080e-01,-4.860523156821727753e-03
2.811463177204132080e-01,-1.665804982185363770e+00,2.847882509231567383e-01,5.163344144821166992e-01,-5.792773365974426270e-01,-6.255675554275512695e-01,8.063361793756484985e-02,-2.032382965087890625e+00,2.661653757095336914e-01,1.010540351271629333e-01,1.798833847045898438e+00,-2.045974582433700562e-01,-1.299818903207778931e-01,-1.080196857452392578e+00,-1.618906855583190918e-01,2.569868415594100952e-02,1.226594209671020508e+00,-8.266098797321319580e-02,1.496985256671905518e-01,-2.436655163764953613e-01,-7.579720020294189453e-02,-1.152987837791442871e+00,7.076555490493774414e-02,-1.137571930885314941e+00,8.136554062366485596e-02,1.557120084762573242e+00,9.423094987869262695e-01,4.722208976745605469e-01,-6.159961223602294922e-01,-5.701922774314880371e-01,-1.458975672721862793e-01,-6.980999708175659180e-01,-1.515381455421447754e+00,-3.282883465290069580e-01,-1.622132258489727974e-03
2.817580103874206543e-01,-1.672829985618591309e+00,3.061659932136535645e-01,5.606415271759033203e-01,-5.537194013595581055e-01,-6.113879084587097168e-01,7.266905903816223145e-02,-2.268926143646240234e+00,3.039881587028503418e-01,3.309933468699455261e-02,1.865540266036987305e+00,-2.681171596050262451e-01,-2.455839067697525024e-01,-1.178173303604125977e+00,-2.163214981555938721e-01,-1.298160105943679810e-01,1.233167886734008789e+00,-8.221457153558731079e-02,4.454690217971801758e-02,-1.808205395936965942e-01,-2.214682847261428833e-02,-1.227682948112487793e+00,4.311438649892807007e-02,-1.131416320800781250e+00,6.423252820968627930e-02,1.634298324584960938e+00,8.974021077156066895e-01,5.231685638427734375e-01,-7.294105291366577148e-01,-6.504524350166320801e-01,-1.518147587776184082e-01,-6.980999708175659180e-01,-1.431618809700012207e+00,-2.974969446659088135e-01,-3.987924195826053619e-03
2.677679657936096191e-01,-1.675485253334045410e+00,3.370521664619445801e-01,5.848729610443115234e-01,-5.687205791473388672e-01,-5.762203335762023926e-01,4.950448870658874512e-02,-2.355981826782226562e+00,3.291623890399932861e-01,1.157133430242538452e-01,1.871815204620361328e+00,-3.113466203212738037e-01,-2.951303720474243164e-01,-1.249247431755065918e+00,-3.167783617973327637e-01,-1.751896142959594727e-01,1.216208100318908691e+00,-9.564659744501113892e-02,1.097300276160240173e-02,-1.647479683160781860e-01,-6.074151769280433655e-02,-1.299387693405151367e+00,5.961927585303783417e-03,-1.128944396972656250e+00,7.086032629013061523e-02,1.648589730262756348e+00,8.794319033622741699e-01,5.235989093780517578e-01,-8.467639684677124023e-01,-7.309994101524353027e-01,-1.575359553098678589e-01,-6.980999708175659180e-01,-1.391752600669860840e+00,-2.850526571273803711e-01,6.900327862240374088e-04
2.473801076412200928e-01,-1.677096843719482422e+00,3.692593276500701904e-01,5.942381620407104492e-01,-6.002627611160278320e-01,-5.350310206413269043e-01,1.753349229693412781e-02,-2.356199502944946289e+00,3.806061744689941406e-01,2.918357551097869873e-01,1.864701986312866211e+00,-3.837666809558868408e-01,-3.579261600971221924e-01,-1.315294265747070312e+00,-4.525961875915527344e-01,-2.026742845773696899e-01,1.192160248756408691e+00,-1.270610988140106201e-01,-3.217040002346038818e-02,-1.838118582963943481e-01,-1.348392516374588013e-01,-1.373414158821105957e+00,-3.005410172045230865e-02,-1.125532984733581543e+00,8.835454285144805908e-02,1.655482769012451172e+00,8.540195226669311523e-01,5.235999822616577148e-01,-9.791761040687561035e-01,-8.062040209770202637e-01,-1.330872625112533569e-01,-6.944623589515686035e-01,-1.342840433120727539e+00,-2.719393670558929443e-01,9.198788553476333618e-03
2.294179648160934448e-01,-1.686049818992614746e+00,3.979656994342803955e-01,5.918597579002380371e-01,-6.279771924018859863e-01,-5.052400231361389160e-01,-8.899257518351078033e-03,-2.356199979782104492e+00,4.685469567775726318e-01,5.225220322608947754e-01,1.892078042030334473e+00,-4.556407630443572998e-01,-4.114451706409454346e-01,-1.380960583686828613e+00,-5.692732334136962891e-01,-2.177199721336364746e-01,1.175818681716918945e+00,-1.619602143764495850e-01,-7.748249173164367676e-02,-2.106264829635620117e-01,-1.948251277208328247e-01,-1.428699135780334473e+00,-7.567006349563598633e-02,-1.131936907768249512e+00,1.156395897269248962e-01,1.658642172813415527e+00,8.237438201904296875e-01,5.235999822616577148e-01,-1.095113039016723633e+00,-8.616630434989929199e-01,-9.066343307495117188e-02,-6.747592091560363770e-01,-1.295521736145019531e+00,-2.667954266071319580e-01,1.916283369064331055e-02
2.159790843725204468e-01,-1.704200029373168945e+00,4.192764163017272949e-01,5.850991606712341309e-01,-6.444734334945678711e-01,-4.912141263484954834e-01,-3.196375817060470581e-02,-2.356199979782104492e+00,5.718014836311340332e-01,7.664326429367065430e-01,1.938183307647705078e+00,-5.200888514518737793e-01,-4.578110277652740479e-01,-1.436396598815917969e+00,-6.524117588996887207e-01,-2.236654460430145264e-01,1.176420092582702637e+00,-1.847439706325531006e-01,-9.029452502727508545e-02,-2.294096946716308594e-01,-2.319036275148391724e-01,-1.460818529129028320e+00,-1.189147010445594788e-01,-1.149309992790222168e+00,1.524278074502944946e-01,1.658276677131652832e+00,7.907539010047912598e-01,5.235999822616577148e-01,-1.174516797065734863e+00,-8.775827288627624512e-01,-5.453516170382499695e-02,-6.485647559165954590e-01,-1.254129648208618164e+00,-2.712055742740631104e-01,2.605878189206123352e-02
2.038567960262298584e-01,-1.729355335235595703e+00,4.322949647903442383e-01,5.817511081695556641e-01,-6.483468413352966309e-01,-4.875257909297943115e-01,-5.941918492317199707e-02,-2.356199979782104492e+00,6.624201536178588867e-01,9.792485237121582031e-01,1.972798109054565430e+00,-5.721697211265563965e-01,-4.883818030357360840e-01,-1.476763129234313965e+00,-7.116625905036926270e-01,-2.423016875982284546e-01,1.203015565872192383e+00,-2.012186348438262939e-01,-1.112186610698699951e-01,-2.281820178031921387e-01,-2.557838857173919678e-01,-1.483752727508544922e+00,-1.488622725009918213e-01,-1.175384998321533203e+00,1.960095763206481934e-01,1.652887701988220215e+00,7.575087547302246094e-01,5.235999822616577148e-01,-1.227745771408081055e+00,-8.543615937232971191e-01,-1.903670653700828552e-02,-6.141493320465087891e-01,-1.229351639747619629e+00,-2.791379392147064209e-01,2.941099554300308228e-02
1.981017738580703735e-01,-1.757364273071289062e+00,4.369547367095947266e-01,5.855086445808410645e-01,-6.382600069046020508e-01,-4.923081099987030029e-01,-8.623477816581726074e-02,-2.356199979782104492e+00,7.491082549095153809e-01,1.139389872550964355e+00,2.012871980667114258e+00,-6.118919253349304199e-01,-4.240732192993164062e-01,-1.506684780120849609e+00,-7.420822978019714355e-01,-2.702936530113220215e-01,1.261326074600219727e+00,-2.292433381080627441e-01,-1.484250426292419434e-01,-2.119108885526657104e-01,-2.526524960994720459e-01,-1.507788896560668945e+00,-1.609681695699691772e-01,-1.211574077606201172e+00,2.615757882595062256e-01,1.633710384368896484e+00,7.142705917358398438e-01,5.235999822616577148e-01,-1.277150630950927734e+00,-8.123473525047302246e-01,3.022460266947746277e-02,-5.470860004425048828e-01,-1.211277365684509277e+00,-2.957923114299774170e-01,3.071007877588272095e-02
1.923252344131469727e-01,-1.785260558128356934e+00,4.357496201992034912e-01,6.094707846641540527e-01,-5.958592891693115234e-01,-5.095539689064025879e-01,-1.176938638091087341e-01,-2.356199979782104492e+00,8.165292739868164062e-01,1.177895069122314453e+00,2.079936265945434570e+00,-6.757530570030212402e-01,-1.553219109773635864e-01,-1.472529292106628418e+00,-6.930663585662841797e-01,-3.530627489089965820e-01,1.312532782554626465e+00,-3.188844919204711914e-01,-2.211696654558181763e-01,-1.326487064361572266e-01,-1.999627202749252319e-01,-1.517134189605712891e+00,-1.626901477575302124e-01,-1.240179657936096191e+00,3.509182333946228027e-01,1.572105169296264648e+00,6.891391873359680176e-01,5.235999822616577148e-01,-1.317053437232971191e+00,-7.722790241241455078e-01,9.574664384126663208e-02,-3.870367109775543213e-01,-1.184977293014526367e+00,-4.086879789829254150e-01,1.624373346567153931e-02
1.828802227973937988e-01,-1.804809927940368652e+00,4.419346153736114502e-01,6.167490482330322266e-01,-5.730298161506652832e-01,-5.203458666801452637e-01,-1.431697756052017212e-01,-2.356199979782104492e+00,8.027533292770385742e-01,1.162203192710876465e+00,2.077734947204589844e+00,-7.425827383995056152e-01,-9.098183363676071167e-02,-1.443512678146362305e+00,-6.711144447326660156e-01,-3.790587782859802246e-01,1.311869740486145020e+00,-3.336516618728637695e-01,-2.258638292551040649e-01,-1.167528629302978516e-01,-1.643863171339035034e-01,-1.523892641067504883e+00,-1.537620574235916138e-01,-1.257157444953918457e+00,4.018475711345672607e-01,1.541788101196289062e+00,6.943091750144958496e-01,5.235999822616577148e-01,-1.383526563644409180e+00,-7.438434362411499023e-01,2.068914622068405151e-01,-2.826884388923645020e-01,-1.177322030067443848e+00,-4.630761146545410156e-01,2.862037718296051025e-02
1.727572232484817505e-01,-1.821643948554992676e+00,4.502589404582977295e-01,6.204296946525573730e-01,-5.588463544845581055e-01,-5.241374373435974121e-01,-1.674446761608123779e-01,-2.356199979782104492e+00,8.027262687683105469e-01,1.155903816223144531e+00,2.077939271926879883e+00,-7.719536423683166504e-01,-4.615215212106704712e-02,-1.439866662025451660e+00,-6.612825393676757812e-01,-3.666490316390991211e-01,1.306501984596252441e+00,-3.247214555740356445e-01,-2.098715752363204956e-01,-1.274617463350296021e-01,-1.449187546968460083e-01,-1.538164496421813965e+00,-1.374326348304748535e-01,-1.262355685234069824e+00,4.551851451396942139e-01,1.513320207595825195e+00,7.001836299896240234e-01,5.235999822616577148e-01,-1.471615552902221680e+00,-7.099550366401672363e-01,3.620003163814544678e-01,-1.699949651956558228e-01,-1.187806129455566406e+00,-5.045267343521118164e-01,6.574232131242752075e-02
1.637768000364303589e-01,-1.834319472312927246e+00,4.625774621963500977e-01,6.226816177368164062e-01,-5.520551800727844238e-01,-5.212644338607788086e-01,-1.891719102859497070e-01,-2.356199979782104492e+00,7.999378442764282227e-01,1.151764154434204102e+00,2.062008380889892578e+00,-7.813832759857177734e-01,-9.742199443280696869e-03,-1.461473703384399414e+00,-6.467857360839843750e-01,-3.150812983512878418e-01,1.286909818649291992e+00,-2.910485863685607910e-01,-1.753599643707275391e-01,-1.515779644250869751e-01,-1.504110544919967651e-01,-1.561945438385009766e+00,-1.289194524288177490e-01,-1.265719532966613770e+00,5.287718772888183594e-01,1.478311181068420410e+00,7.151017785072326660e-01,5.235999822616577148e-01,-1.572521448135375977e+00,-6.691580414772033691e-01,5.971680283546447754e-01,-1.532394904643297195e-02,-1.240757822990417480e+00,-5.768569707870483398e-01,1.865692734718322754e-01
1.558013707399368286e-01,-1.844289898872375488e+00,4.800829887390136719e-01,6.267588734626770020e-01,-5.459577441215515137e-01,-5.173224806785583496e-01,-2.036686092615127563e-01,-2.356199979782104492e+00,7.750831246376037598e-01,1.149113535881042480e+00,2.019349575042724609e+00,-7.912948131561279297e-01,1.299024932086467743e-02,-1.490958571434020996e+00,-6.092594265937805176e-01,-2.381429076194763184e-01,1.248262047767639160e+00,-2.328648418188095093e-01,-1.295191198587417603e-01,-1.723055392503738403e-01,-1.574993431568145752e-01,-1.610938310623168945e+00,-1.387518644332885742e-01,-1.293570160865783691e+00,6.409394145011901855e-01,1.411185979843139648e+00,7.445098161697387695e-01,5.235999822616577148e-01,-1.678154826164245605e+00,-6.277058124542236328e-01,8.387045860290527344e-01,1.791748106479644775e-01,-1.315535664558410645e+00,-6.205807328224182129e-01,3.782980144023895264e-01
1.522434055805206299e-01,-1.852338671684265137e+00,4.941292107105255127e-01,6.316094398498535156e-01,-5.347382426261901855e-01,-5.208497643470764160e-01,-2.093801200389862061e-01,-2.356199979782104492e+00,7.697504162788391113e-01,1.149667263031005859e+00,2.002643823623657227e+00,-7.910621762275695801e-01,1.548987161368131638e-02,-1.492056131362915039e+00,-6.007897257804870605e-01,-2.334462851285934448e-01,1.235732078552246094e+00,-2.300415188074111938e-01,-1.265769600868225098e-01,-1.992723047733306885e-01,-1.686799079179763794e-01,-1.664106965065002441e+00,-1.506301462650299072e-01,-1.365602731704711914e+00,6.590216159820556641e-01,1.399956583976745605e+00,7.398878335952758789e-01,5.235999822616577148e-01,-1.732684731483459473e+00,-6.007838845252990723e-01,1.029680848121643066e+00,2.053163647651672363e-01,-1.312255024909973145e+00,-6.151002049446105957e-01,3.964734375476837158e-01
1.485467255115509033e-01,-1.860088229179382324e+00,5.108286142349243164e-01,6.367383599281311035e-01,-5.222653150558471680e-01,-5.241094827651977539e-01,-2.170540690422058105e-01,-2.356199979782104492e+00,7.622597813606262207e-01,1.146737217903137207e+00,1.978364109992980957e+00,-7.905161380767822266e-01,1.849108748137950897e-02,-1.491882562637329102e+00,-5.882682204246520996e-01,-2.274384945631027222e-01,1.216840505599975586e+00,-2.274483591318130493e-01,-1.237048953771591187e-01,-2.328762412071228027e-01,-1.837410032749176025e-01,-1.720452666282653809e+00,-1.608092188835144043e-01,-1.448546886444091797e+00,6.852325201034545898e-01,1.382577300071716309e+00,7.300735116004943848e-01,5.235999822616577148e-01,-1.815369725227355957e+00,-5.682174563407897949e-01,1.272433638572692871e+00,2.398426830768585205e-01,-1.300422310829162598e+00,-6.088494658470153809e-01,4.207546412944793701e-01
1.255884021520614624e-01,-1.860082626342773438e+00,5.592375993728637695e-01,6.428219079971313477e-01,-5.235461592674255371e-01,-5.043672919273376465e-01,-2.414394915103912354e-01,-2.356199979782104492e+00,6.494587063789367676e-01,1.092466115951538086e+00,1.797689557075500488e+00,-7.647988796234130859e-01,3.755645453929901123e-02,-1.481473088264465332e+00,-4.677473008632659912e-01,-3.800728917121887207e-02,9.781809449195861816e-01,-3.265404701232910156e-02,-1.412073802202939987e-02,-2.476488202810287476e-01,-2.031368464231491089e-01,-1.812808752059936523e+00,-1.636682599782943726e-01,-1.509864330291748047e+00,1.003302454948425293e+00,9.896857738494873047e-01,7.043096423149108887e-01,5.235999822616577148e-01,-2.007553577423095703e+00,-4.750472903251647949e-01,1.589109182357788086e+00,8.108951449394226074e-01,-9.234759211540222168e-01,-8.111460804939270020e-01,5.235999822616577148e-01
1.162238195538520813e-01,-1.861161470413208008e+00,5.889564752578735352e-01,6.486276984214782715e-01,-5.087355971336364746e-01,-5.083488225936889648e-01,-2.491016834974288940e-01,-2.356199979782104492e+00,5.879139900207519531e-01,1.042595505714416504e+00,1.701719164848327637e+00,-7.380417585372924805e-01,4.083610698580741882e-02,-1.442868113517761230e+00,-4.106939733028411865e-01,2.091991528868675232e-02,8.647057414054870605e-01,8.630430698394775391e-02,3.583646565675735474e-02,-2.452062219381332397e-01,-2.154221087694168091e-01,-1.836279392242431641e+00,-1.514855474233627319e-01,-1.547901630401611328e+00,1.026679396629333496e+00,8.586053252220153809e-01,6.020288467407226562e-01,5.235999822616577148e-01,-2.065958023071289062e+00,-4.479689896106719971e-01,1.756507277488708496e+00,9.703105688095092773e-01,-7.243881225585937500e-01,-8.032591342926025391e-01,5.179197192192077637e-01
1.091249808669090271e-01,-1.859958171844482422e+00,6.188762187957763672e-01,6.551192998886108398e-01,-4.906187951564788818e-01,-5.174487233161926270e-01,-2.497172951698303223e-01,-2.356199979782104492e+00,5.123611688613891602e-01,9.782254099845886230e-01,1.595224976539611816e+00,-6.972683072090148926e-01,4.118879884481430054e-02,-1.398667931556701660e+00,-3.603358864784240723e-01,6.007289513945579529e-02,7.591472268104553223e-01,2.029018849134445190e-01,7.302922010421752930e-02,-2.367787361145019531e-01,-2.246263772249221802e-01,-1.862608790397644043e+00,-1.433039307594299316e-01,-1.508180618286132812e+00,9.793732762336730957e-01,6.159406900405883789e-01,3.633190393447875977e-01,4.494055509567260742e-01,-2.117817878723144531e+00,-4.328951239585876465e-01,1.876358151435852051e+00,1.022225737571716309e+00,-4.841961264610290527e-01,-5.430346727371215820e-01,4.083183407783508301e-01
1.053554713726043701e-01,-1.857216835021972656e+00,6.466949582099914551e-01,6.606321334838867188e-01,-4.689925909042358398e-01,-5.320233702659606934e-01,-2.460940480232238770e-01,-2.356199979782104492e+00,4.266551434993743896e-01,8.914893269538879395e-01,1.487049460411071777e+00,-6.513763070106506348e-01,3.816618770360946655e-02,-1.357150316238403320e+00,-2.800711393356323242e-01,1.615898311138153076e-01,6.913840174674987793e-01,2.372659444808959961e-01,9.914004802703857422e-02,-2.226948440074920654e-01,-2.302680164575576782e-01,-1.891070961952209473e+00,-1.580335497856140137e-01,-1.404783725738525391e+00,1.016608119010925293e+00,1.193018928170204163e-01,4.988568648695945740e-02,3.722950816154479980e-01,-2.153908252716064453e+00,-3.945485949516296387e-01,2.009187698364257812e+00,1.138012766838073730e+00,-4.353771507740020752e-01,-2.768015861511230469e-01,2.857379317283630371e-01
1.056685149669647217e-01,-1.855161786079406738e+00,6.717090606689453125e-01,6.658310890197753906e-01,-4.420743286609649658e-01,-5.500996112823486328e-01,-2.421356737613677979e-01,-2.356199979782104492e+00,3.447564840316772461e-01,7.840567827224731445e-01,1.387781381607055664e+00,-6.010677814483642578e-01,3.592263534665107727e-02,-1.333709478378295898e+00,-1.981192380189895630e-01,2.228949218988418579e-01,6.754245758056640625e-01,1.760089844465255737e-01,1.230576187372207642e-01,-1.961477398872375488e-01,-2.273270785808563232e-01,-1.884640216827392578e+00,-1.486065685749053955e-01,-1.400385499000549316e+00,1.048092722892761230e+00,2.793346941471099854e-01,5.769057199358940125e-03,3.577499389648437500e-01,-2.125804185867309570e+00,-3.669422864913940430e-01,2.109632968902587891e+00,1.209481000900268555e+00,-5.478188395500183105e-01,-2.325051277875900269e-01,2.572754621505737305e-01
1.069793179631233215e-01,-1.851566195487976074e+00,6.946749687194824219e-01,6.729888916015625000e-01,-4.070709347724914551e-01,-5.714117288589477539e-01,-2.342389523983001709e-01,-2.356199979782104492e+00,2.571983039379119873e-01,6.476925015449523926e-01,1.296193003654479980e+00,-5.397104620933532715e-01,3.171721473336219788e-02,-1.340557336807250977e+00,-1.707243025302886963e-01,6.665155291557312012e-02,6.946646571159362793e-01,1.469848603010177612e-01,1.283131241798400879e-01,-1.586859375238418579e-01,-1.994394063949584961e-01,-1.853005528450012207e+00,-1.069557890295982361e-01,-1.472337603569030762e+00,1.030102014541625977e+00,8.523614406585693359e-01,5.006233230233192444e-02,4.220643341541290283e-01,-2.070345163345336914e+00,-3.630198538303375244e-01,2.051179885864257812e+00,1.172833442687988281e+00,-5.548688173294067383e-01,-3.112081289291381836e-01,2.747392654418945312e-01
1.100419312715530396e-01,-1.848956704139709473e+00,7.141534090042114258e-01,6.791608333587646484e-01,-3.694750666618347168e-01,-5.891641378402709961e-01,-2.347643226385116577e-01,-2.356199979782104492e+00,2.011382430791854858e-01,5.062216520309448242e-01,1.238467097282409668e+00,-4.850816428661346436e-01,2.770238555967807770e-02,-1.378993272781372070e+00,-1.546898037195205688e-01,-1.123650223016738892e-01,7.736182212829589844e-01,9.140089154243469238e-02,5.976991727948188782e-02,-1.055047512054443359e-01,-1.763878017663955688e-01,-1.815960526466369629e+00,-4.321096837520599365e-02,-1.514810085296630859e+00,9.950429797172546387e-01,1.058160543441772461e+00,6.593663990497589111e-02,4.669980704784393311e-01,-2.005838632583618164e+00,-3.621597290039062500e-01,1.927693247795104980e+00,1.081693768501281738e+00,-4.677304923534393311e-01,-3.648169934749603271e-01,2.667978405952453613e-01
1.154438927769660950e-01,-1.845416069030761719e+00,7.298470139503479004e-01,6.832464337348937988e-01,-3.280202448368072510e-01,-6.074348688125610352e-01,-2.379074096679687500e-01,-2.356199979782104492e+00,1.680617779493331909e-01,3.665542304515838623e-01,1.214402079582214355e+00,-4.323510825634002686e-01,2.074833586812019348e-02,-1.435567736625671387e+00,-1.223913654685020447e-01,-2.291299998760223389e-01,8.965381383895874023e-01,1.723228581249713898e-02,-5.609817802906036377e-03,-4.109082743525505066e-02,-1.483696699142456055e-01,-1.762692689895629883e+00,3.848063945770263672e-02,-1.456168413162231445e+00,9.430252313613891602e-01,9.116481542587280273e-01,1.030036807060241699e-01,4.540146589279174805e-01,-1.922197818756103516e+00,-3.489688932895660400e-01,1.827259540557861328e+00,1.001825451850891113e+00,-4.227561056613922119e-01,-4.041738510131835938e-01,2.512495815753936768e-01
1.184826120734214783e-01,-1.840487837791442871e+00,7.466337680816650391e-01,6.730130314826965332e-01,-3.048956692218780518e-01,-6.295297145843505859e-01,-2.403838336467742920e-01,-2.287350416183471680e+00,1.433297693729400635e-01,3.115935623645782471e-01,1.154388427734375000e+00,-3.904387056827545166e-01,1.194280851632356644e-02,-1.507741808891296387e+00,-1.124916151165962219e-01,-2.492387294769287109e-01,1.032076120376586914e+00,-2.777036838233470917e-02,-3.626478463411331177e-02,-1.619097962975502014e-02,-1.394388079643249512e-01,-1.698117971420288086e+00,1.283438503742218018e-01,-1.399156212806701660e+00,9.279261231422424316e-01,6.482742428779602051e-01,1.397159099578857422e-01,4.014816880226135254e-01,-1.834030747413635254e+00,-3.115433454513549805e-01,1.765962123870849609e+00,9.463811516761779785e-01,-4.309815168380737305e-01,-4.147053658962249756e-01,2.257679551839828491e-01
1.205103546380996704e-01,-1.834446072578430176e+00,7.635796666145324707e-01,6.555901169776916504e-01,-2.914279997348785400e-01,-6.537756919860839844e-01,-2.405174672603607178e-01,-2.183045387268066406e+00,1.179066076874732971e-01,2.949577569961547852e-01,1.068559765815734863e+00,-3.590728044509887695e-01,3.481172025203704834e-03,-1.584129095077514648e+00,-1.151506751775741577e-01,-2.327111512422561646e-01,1.152424454689025879e+00,-6.411186605691909790e-02,-4.737936332821846008e-02,-1.147108525037765503e-02,-1.378270983695983887e-01,-1.625098347663879395e+00,2.206301093101501465e-01,-1.381961464881896973e+00,9.435039162635803223e-01,4.889000058174133301e-01,1.601556986570358276e-01,3.619627654552459717e-01,-1.736560344696044922e+00,-2.631878554821014404e-01,1.709415197372436523e+00,9.046917557716369629e-01,-4.738647341728210449e-01,-4.030576646327972412e-01,2.127230018377304077e-01
1.232460886240005493e-01,-1.827536582946777344e+00,7.789261937141418457e-01,6.364020705223083496e-01,-2.772281765937805176e-01,-6.790228486061096191e-01,-2.388826608657836914e-01,-2.076667070388793945e+00,9.498788416385650635e-02,2.785260379314422607e-01,9.849796295166015625e-01,-3.301583528518676758e-01,-4.112164955586194992e-03,-1.654846191406250000e+00,-1.289391964673995972e-01,-2.248299717903137207e-01,1.243240833282470703e+00,-9.755276888608932495e-02,-6.331948935985565186e-02,-7.856812328100204468e-03,-1.313606053590774536e-01,-1.542360305786132812e+00,3.152792751789093018e-01,-1.384696245193481445e+00,9.669889807701110840e-01,4.809865653514862061e-01,1.640148907899856567e-01,3.352102339267730713e-01,-1.639612078666687012e+00,-2.118458747863769531e-01,1.655946493148803711e+00,8.643547296524047852e-01,-5.151749849319458008e-01,-3.753950893878936768e-01,1.991648823022842407e-01
1.270778477191925049e-01,-1.819470763206481934e+00,7.931297421455383301e-01,6.161128878593444824e-01,-2.616245746612548828e-01,-7.054539918899536133e-01,-2.330068349838256836e-01,-1.969562888145446777e+00,6.949086487293243408e-02,2.560077011585235596e-01,8.984016776084899902e-01,-2.931598424911499023e-01,-1.229316648095846176e-02,-1.717146992683410645e+00,-1.463304758071899414e-01,-2.155098170042037964e-01,1.297044634819030762e+00,-1.400605738162994385e-01,-1.033262684941291809e-01,-6.819318514317274094e-03,-1.155391111969947815e-01,-1.447016835212707520e+00,4.099763333797454834e-01,-1.380626916885375977e+00,9.877588748931884766e-01,5.480974912643432617e-01,1.834778934717178345e-01,3.336258232593536377e-01,-1.538848519325256348e+00,-1.645021438598632812e-01,1.599865436553955078e+00,8.167892694473266602e-01,-5.670907497406005859e-01,-3.501658439636230469e-01,1.912385672330856323e-01
1.321606338024139404e-01,-1.808955430984497070e+00,8.056848645210266113e-01,5.961448550224304199e-01,-2.416233271360397339e-01,-7.327349185943603516e-01,-2.221012711524963379e-01,-1.864999890327453613e+00,4.605007544159889221e-02,2.192251235246658325e-01,8.131127357482910156e-01,-2.515684962272644043e-01,-2.295461297035217285e-02,-1.761527776718139648e+00,-1.548418104648590088e-01,-1.965257823467254639e-01,1.303569316864013672e+00,-1.900124847888946533e-01,-1.267947107553482056e-01,-2.153160749003291130e-03,-8.826456964015960693e-02,-1.341544985771179199e+00,4.946095049381256104e-01,-1.362942934036254883e+00,1.003865957260131836e+00,6.473739147186279297e-01,1.909582018852233887e-01,3.441903293132781982e-01,-1.441255211830139160e+00,-1.305839717388153076e-01,1.557947397232055664e+00,7.551822066307067871e-01,-6.102355122566223145e-01,-3.370074629783630371e-01,1.857848316431045532e-01
1.386237144470214844e-01,-1.795791268348693848e+00,8.153381943702697754e-01,5.750669836997985840e-01,-2.175890505313873291e-01,-7.612066268920898438e-01,-2.061976045370101929e-01,-1.764258146286010742e+00,2.639514580368995667e-02,1.665175408124923706e-01,7.363737821578979492e-01,-2.088868916034698486e-01,-3.693548962473869324e-02,-1.785190343856811523e+00,-1.453991234302520752e-01,-1.530817449092864990e-01,1.265144228935241699e+00,-2.321573048830032349e-01,-1.408642828464508057e-01,5.774478893727064133e-03,-5.192258581519126892e-02,-1.221544742584228516e+00,5.689098238945007324e-01,-1.312843084335327148e+00,1.004790186882019043e+00,7.293315529823303223e-01,1.969775259494781494e-01,3.624117374420166016e-01,-1.345892667770385742e+00,-1.146450489759445190e-01,1.520370721817016602e+00,6.811551451683044434e-01,-6.561514139175415039e-01,-3.350452184677124023e-01,1.884288638830184937e-01
1.458917111158370972e-01,-1.779240846633911133e+00,8.231032490730285645e-01,5.544193983078002930e-01,-1.881247162818908691e-01,-7.894008755683898926e-01,-1.845928728580474854e-01,-1.668904066085815430e+00,1.340036746114492416e-02,9.313985705375671387e-02,6.649968624114990234e-01,-1.664215326309204102e-01,-5.486126616597175598e-02,-1.782699823379516602e+00,-1.116925701498985291e-01,-7.413696497678756714e-02,1.181574702262878418e+00,-2.640957236289978027e-01,-1.352127492427825928e-01,2.062207274138927460e-02,-4.103324841707944870e-03,-1.093624234199523926e+00,6.301913857460021973e-01,-1.235009312629699707e+00,9.925935268402099609e-01,7.645441889762878418e-01,2.048927843570709229e-01,3.929265439510345459e-01,-1.250492453575134277e+00,-1.179434582591056824e-01,1.475795030593872070e+00,5.941342711448669434e-01,-7.131055593490600586e-01,-3.310040831565856934e-01,1.813906878232955933e-01
1.534104198217391968e-01,-1.757458209991455078e+00,8.280782699584960938e-01,5.330980420112609863e-01,-1.516765058040618896e-01,-8.179150819778442383e-01,-1.543231606483459473e-01,-1.579444766044616699e+00,9.045698679983615875e-03,-3.492355812340974808e-03,6.032096743583679199e-01,-1.263599693775177002e-01,-7.816383987665176392e-02,-1.742720127105712891e+00,-6.255147606134414673e-02,4.278529435396194458e-02,1.062228083610534668e+00,-2.781854867935180664e-01,-1.209262460470199585e-01,3.724255785346031189e-02,5.688888579607009888e-02,-9.623264074325561523e-01,6.757289171218872070e-01,-1.124586939811706543e+00,9.705843329429626465e-01,7.717243432998657227e-01,2.148386538028717041e-01,4.168215990066528320e-01,-1.158622384071350098e+00,-1.356292068958282471e-01,1.411687374114990234e+00,5.007263422012329102e-01,-7.521499395370483398e-01,-3.060230910778045654e-01,1.713603436946868896e-01
1.599817276000976562e-01,-1.730063915252685547e+00,8.295414447784423828e-01,5.080893635749816895e-01,-1.057989224791526794e-01,-8.474931120872497559e-01,-1.113878041505813599e-01,-1.493187308311462402e+00,1.000529155135154724e-02,-1.370238810777664185e-01,5.515191555023193359e-01,-8.486767113208770752e-02,-1.126329675316810608e-01,-1.656398892402648926e+00,-2.540639834478497505e-03,2.119265496730804443e-01,9.269251227378845215e-01,-2.554304003715515137e-01,-1.100933700799942017e-01,5.209501087665557861e-02,1.381574869155883789e-01,-8.384187221527099609e-01,7.125322222709655762e-01,-1.011219263076782227e+00,9.298762679100036621e-01,7.399331927299499512e-01,2.232230156660079956e-01,4.237756431102752686e-01,-1.067851066589355469e+00,-1.677073538303375244e-01,1.333503603935241699e+00,4.020272195339202881e-01,-7.720805406570434570e-01,-2.672087252140045166e-01,1.530212908983230591e-01
1.638029813766479492e-01,-1.698457956314086914e+00,8.256495594978332520e-01,4.758669734001159668e-01,-5.410367622971534729e-02,-8.762820363044738770e-01,-5.247097834944725037e-02,-1.418076992034912109e+00,1.077544223517179489e-02,-2.867588102817535400e-01,5.308803319931030273e-01,-6.802535057067871094e-02,-1.498381644487380981e-01,-1.536343097686767578e+00,3.505858778953552246e-02,3.883967101573944092e-01,8.126488327980041504e-01,-1.850158423185348511e-01,-1.112713515758514404e-01,5.321475118398666382e-02,2.318086028099060059e-01,-7.307671308517456055e-01,7.490002512931823730e-01,-9.019009470939636230e-01,8.757750391960144043e-01,7.059963345527648926e-01,2.150028795003890991e-01,4.215355217456817627e-01,-9.643325805664062500e-01,-2.101987898349761963e-01,1.217930555343627930e+00,3.122431337833404541e-01,-7.825188636779785156e-01,-2.199597209692001343e-01,1.251320540904998779e-01
1.636359393596649170e-01,-1.664905786514282227e+00,8.177923560142517090e-01,4.355244040489196777e-01,-5.077100358903408051e-03,-8.999732136726379395e-01,1.846304163336753845e-02,-1.352417349815368652e+00,1.423161360435187817e-03,-4.427399337291717529e-01,5.367324948310852051e-01,-6.882698833942413330e-02,-1.968589127063751221e-01,-1.395404934883117676e+00,6.763885915279388428e-02,5.565686225891113281e-01,7.736461162567138672e-01,-1.668696105480194092e-01,1.403303295373916626e-01,3.466367721557617188e-02,3.169443905353546143e-01,-6.560825705528259277e-01,7.890866398811340332e-01,-8.214700222015380859e-01,8.102349638938903809e-01,6.755785346031188965e-01,1.917165815830230713e-01,4.030839502811431885e-01,-8.491923809051513672e-01,-2.533180713653564453e-01,1.072453618049621582e+00,2.187889516353607178e-01,-7.783429622650146484e-01,-1.714245527982711792e-01,8.675677329301834106e-02
1.631931215524673462e-01,-1.638440728187561035e+00,8.052157163619995117e-01,3.910373449325561523e-01,1.809780113399028778e-02,-9.169911146163940430e-01,7.674376666545867920e-02,-1.314544200897216797e+00,-2.659332938492298126e-03,-4.548663496971130371e-01,5.861825942993164062e-01,-6.462068110704421997e-02,-2.200611531734466553e-01,-1.279435396194458008e+00,5.019404366612434387e-02,5.163958668708801270e-01,7.990955114364624023e-01,-2.915638089179992676e-01,1.804026961326599121e-01,3.523232415318489075e-02,3.272059857845306396e-01,-6.470779776573181152e-01,8.352410793304443359e-01,-8.066935539245605469e-01,7.470558285713195801e-01,6.487130522727966309e-01,1.502626389265060425e-01,3.785881102085113525e-01,-7.184621691703796387e-01,-2.946314811706542969e-01,8.887717127799987793e-01,1.412247270345687866e-01,-7.700825929641723633e-01,-1.292657852172851562e-01,6.138554960489273071e-02
1.624894142150878906e-01,-1.618676424026489258e+00,7.920818328857421875e-01,3.496199846267700195e-01,3.494411334395408630e-02,-9.276293516159057617e-01,1.266831010580062866e-01,-1.326399087905883789e+00,4.340140894055366516e-02,-2.818697988986968994e-01,6.849941015243530273e-01,-5.450076609849929810e-02,-8.857356756925582886e-02,-1.233702659606933594e+00,3.012368641793727875e-02,3.800788819789886475e-01,8.874564766883850098e-01,-3.672413825988769531e-01,1.561589986085891724e-01,6.399825960397720337e-02,3.152264654636383057e-01,-6.848066449165344238e-01,8.617696762084960938e-01,-7.917668819427490234e-01,6.727161407470703125e-01,6.652032136917114258e-01,9.144722670316696167e-02,3.629276454448699951e-01,-5.956537723541259766e-01,-3.317674994468688965e-01,7.107828259468078613e-01,7.711911201477050781e-02,-7.458682656288146973e-01,-1.135754138231277466e-01,4.865681380033493042e-02
1.608299762010574341e-01,-1.598657488822937012e+00,7.825338244438171387e-01,3.147594630718231201e-01,4.897888377308845520e-02,-9.330291748046875000e-01,1.672844588756561279e-01,-1.347166419029235840e+00,1.516540050506591797e-01,-4.050917550921440125e-02,8.104979395866394043e-01,-9.399702399969100952e-02,1.296017039567232132e-02,-1.196147441864013672e+00,1.822350360453128815e-02,2.685981392860412598e-01,9.524616599082946777e-01,-4.071605801582336426e-01,1.279700696468353271e-01,9.083025902509689331e-02,2.989096343517303467e-01,-6.862797141075134277e-01,8.700784444808959961e-01,-7.041309475898742676e-01,5.713838338851928711e-01,7.353535294532775879e-01,6.119201704859733582e-02,3.556473553180694580e-01,-5.091636776924133301e-01,-3.645541369915008545e-01,6.217469573020935059e-01,7.096837460994720459e-02,-7.143602371215820312e-01,-1.618314087390899658e-01,7.506000250577926636e-02
1.576674878597259521e-01,-1.580826163291931152e+00,7.786183357238769531e-01,2.869582474231719971e-01,5.652718991041183472e-02,-9.338560104370117188e-01,2.058460116386413574e-01,-1.345446228981018066e+00,2.096542268991470337e-01,7.096803933382034302e-02,9.308202266693115234e-01,-1.064790189266204834e-01,1.185775995254516602e-01,-1.149865508079528809e+00,5.633004009723663330e-03,1.973932832479476929e-01,9.815521240234375000e-01,-4.285506904125213623e-01,1.054743751883506775e-01,7.984048128128051758e-02,2.741520404815673828e-01,-6.086802482604980469e-01,8.608745932579040527e-01,-5.257507562637329102e-01,4.528583586215972900e-01,8.264703154563903809e-01,7.413675636053085327e-02,3.598415851593017578e-01,-4.555656909942626953e-01,-3.853281736373901367e-01,6.185540556907653809e-01,1.417028754949569702e-01,-7.094891667366027832e-01,-2.246008366346359253e-01,1.398686170578002930e-01
1.537548303604125977e-01,-1.570109009742736816e+00,7.791477441787719727e-01,2.585678994655609131e-01,5.902086943387985229e-02,-9.329127669334411621e-01,2.435835599899291992e-01,-1.317579269409179688e+00,1.853967308998107910e-01,5.057518929243087769e-02,1.035215616226196289e+00,-8.758857101202011108e-02,8.927880227565765381e-02,-1.083860397338867188e+00,-1.728145219385623932e-02,1.395484805107116699e-01,9.835169315338134766e-01,-4.379945993423461914e-01,9.121049195528030396e-02,6.800550222396850586e-02,2.407477945089340210e-01,-5.088225007057189941e-01,8.150081634521484375e-01,-3.438613116741180420e-01,3.305185437202453613e-01,9.176003932952880859e-01,1.336509287357330322e-01,3.549894392490386963e-01,-4.098926484584808350e-01,-3.957215845584869385e-01,6.446648240089416504e-01,2.810504436492919922e-01,-7.450910210609436035e-01,-2.716916203498840332e-01,2.306136339902877808e-01
1.480104774236679077e-01,-1.565617442131042480e+00,7.843241095542907715e-01,2.216926068067550659e-01,6.170894578099250793e-02,-9.309014678001403809e-01,2.836667299270629883e-01,-1.244489669799804688e+00,1.339226067066192627e-01,7.423012284561991692e-04,1.106583833694458008e+00,-6.688487529754638672e-02,2.046721242368221283e-02,-9.776924252510070801e-01,-4.189788922667503357e-02,7.318085432052612305e-02,9.510974287986755371e-01,-4.351397454738616943e-01,8.250048011541366577e-02,5.785059928894042969e-02,2.206261605024337769e-01,-3.949852585792541504e-01,7.330936193466186523e-01,-1.900576055049896240e-01,2.268993407487869263e-01,9.505074620246887207e-01,2.273331880569458008e-01,3.268979489803314209e-01,-3.489373326301574707e-01,-4.020157456398010254e-01,6.726768016815185547e-01,4.715677797794342041e-01,-7.771864533424377441e-01,-2.628139853477478027e-01,3.273600637912750244e-01
1.397753953933715820e-01,-1.563412547111511230e+00,7.931948900222778320e-01,1.804679185152053833e-01,6.581491231918334961e-02,-9.257366657257080078e-01,3.257473707199096680e-01,-1.137102603912353516e+00,1.196388676762580872e-01,-2.258403459563851357e-03,1.142345786094665527e+00,-7.042646408081054688e-02,-8.205903694033622742e-03,-8.464402556419372559e-01,-6.109706684947013855e-02,-1.612725853919982910e-02,8.903743624687194824e-01,-4.103928804397583008e-01,7.094354927539825439e-02,4.872675240039825439e-02,2.103965729475021362e-01,-2.833626568317413330e-01,6.338627338409423828e-01,-8.566205203533172607e-02,1.732276231050491333e-01,9.029394984245300293e-01,3.340028226375579834e-01,2.742788493633270264e-01,-2.764857113361358643e-01,-4.003644883632659912e-01,6.820306777954101562e-01,6.937956809997558594e-01,-7.394093275070190430e-01,-2.367486506700515747e-01,3.709563016891479492e-01
1.324918717145919800e-01,-1.564199686050415039e+00,8.042846918106079102e-01,1.437336653470993042e-01,6.561977416276931763e-02,-9.200876951217651367e-01,3.584317862987518311e-01,-1.009721040725708008e+00,1.620675027370452881e-01,7.706843316555023193e-02,1.147775292396545410e+00,-9.108468145132064819e-02,1.918828673660755157e-02,-7.290681004524230957e-01,-7.175886631011962891e-02,-9.138679504394531250e-02,8.277264833450317383e-01,-3.437363505363464355e-01,6.228391826152801514e-02,5.366498604416847229e-02,1.944494396448135376e-01,-1.610390096902847290e-01,5.317664146423339844e-01,-2.205533673986792564e-03,1.496982276439666748e-01,7.921227216720581055e-01,4.011049270629882812e-01,2.205612063407897949e-01,-2.022174596786499023e-01,-3.982039391994476318e-01,6.674694418907165527e-01,9.112595319747924805e-01,-6.013183593750000000e-01,-2.098433375358581543e-01,3.398529589176177979e-01
1.269176006317138672e-01,-1.566729545593261719e+00,8.138442635536193848e-01,1.123992428183555603e-01,6.369832158088684082e-02,-9.148733019828796387e-01,3.825124502182006836e-01,-8.699856996536254883e-01,2.226635217666625977e-01,1.912969052791595459e-01,1.130568504333496094e+00,-1.236302182078361511e-01,7.427995651960372925e-02,-6.433727145195007324e-01,-7.736106961965560913e-02,-1.483909487724304199e-01,7.905195951461791992e-01,-2.514792978763580322e-01,6.280448287725448608e-02,7.501035928726196289e-02,1.770992130041122437e-01,-3.100090660154819489e-02,4.301285147666931152e-01,7.822558283805847168e-02,1.499831378459930420e-01,7.225207090377807617e-01,3.892376124858856201e-01,1.898436099290847778e-01,-1.250008940696716309e-01,-4.009280502796173096e-01,6.240512132644653320e-01,1.091146469116210938e+00,-4.507062137126922607e-01,-1.307110041379928589e-01,2.894242703914642334e-01
1.246196627616882324e-01,-1.568537950515747070e+00,8.189495205879211426e-01,8.968293666839599609e-02,6.320454180240631104e-02,-9.078219532966613770e-01,4.047486782073974609e-01,-7.519684433937072754e-01,2.531060874462127686e-01,2.687778174877166748e-01,1.103475689888000488e+00,-1.234631910920143127e-01,9.195499122142791748e-02,-5.992026329040527344e-01,-8.654136210680007935e-02,-1.949169039726257324e-01,7.917657494544982910e-01,-1.730886399745941162e-01,6.931434571743011475e-02,9.918969124555587769e-02,1.635095179080963135e-01,9.065896272659301758e-02,3.409844934940338135e-01,1.493335515260696411e-01,1.585773825645446777e-01,7.355076670646667480e-01,3.183993399143218994e-01,2.159129828214645386e-01,-4.522389173507690430e-02,-4.056997001171112061e-01,5.929600000381469727e-01,1.200629472732543945e+00,-3.390486836433410645e-01,-1.095311529934406281e-02,2.462391853332519531e-01
1.243501752614974976e-01,-1.570606946945190430e+00,8.188723921775817871e-01,7.434164732694625854e-02,6.067848950624465942e-02,-9.002813696861267090e-01,4.245997369289398193e-01,-6.567291617393493652e-01,2.354342192411422729e-01,2.862465977668762207e-01,1.072106599807739258e+00,-1.167810782790184021e-01,5.548047646880149841e-02,-5.922982096672058105e-01,-1.040364503860473633e-01,-2.153627276420593262e-01,8.363174796104431152e-01,-1.134198531508445740e-01,7.970809191465377808e-02,1.229380369186401367e-01,1.389048844575881958e-01,2.063258886337280273e-01,2.720330655574798584e-01,2.206960022449493408e-01,1.695587337017059326e-01,8.104708790779113770e-01,1.892808377742767334e-01,2.598971426486968994e-01,5.803381651639938354e-02,-4.137100875377655029e-01,5.675449967384338379e-01,1.201765298843383789e+00,-3.904908597469329834e-01,1.384691298007965088e-01,2.259007096290588379e-01
1.270344108343124390e-01,-1.571650981903076172e+00,8.120164275169372559e-01,6.960003823041915894e-02,5.698290467262268066e-02,-8.926438093185424805e-01,4.416965544223785400e-01,-5.928109884262084961e-01,1.820657700300216675e-01,2.596965730190277100e-01,1.040474534034729004e+00,-1.049494668841362000e-01,-2.504258044064044952e-02,-6.343476176261901855e-01,-1.323959529399871826e-01,-2.073580324649810791e-01,9.300041198730468750e-01,-8.024709671735763550e-02,8.711113780736923218e-02,1.444743722677230835e-01,9.912508726119995117e-02,3.173764348030090332e-01,2.243088334798812866e-01,2.931652665138244629e-01,1.534559577703475952e-01,9.765226840972900391e-01,7.091457024216651917e-03,2.999874353408813477e-01,1.555720418691635132e-01,-4.213548898696899414e-01,5.445309281349182129e-01,1.135774612426757812e+00,-4.941915273666381836e-01,2.511963546276092529e-01,1.940545439720153809e-01
1.323783397674560547e-01,-1.571266889572143555e+00,7.974168062210083008e-01,7.002364099025726318e-02,6.022636964917182922e-02,-8.818401694297790527e-01,4.624147713184356689e-01,-5.517091155052185059e-01,1.412156820297241211e-01,2.255608290433883667e-01,1.006151080131530762e+00,-1.738378256559371948e-01,-4.571150988340377808e-02,-7.085902094841003418e-01,-1.582548469305038452e-01,-1.900994032621383667e-01,1.053616285324096680e+00,-7.338380068540573120e-02,9.889969229698181152e-02,1.514096409082412720e-01,6.609721481800079346e-02,4.122363030910491943e-01,2.040273398160934448e-01,3.436314463615417480e-01,1.554984301328659058e-01,1.177910089492797852e+00,-1.503818333148956299e-01,2.947106957435607910e-01,2.447736412286758423e-01,-4.282296001911163330e-01,5.409472584724426270e-01,1.066401720046997070e+00,-4.991197586059570312e-01,2.631613314151763916e-01,1.855651587247848511e-01
1.338663101196289062e-01,-1.567446112632751465e+00,7.832203507423400879e-01,7.974097132682800293e-02,6.167816370725631714e-02,-8.641378283500671387e-01,4.930547475814819336e-01,-5.498933196067810059e-01,1.028231382369995117e-01,1.835233718156814575e-01,9.934071302413940430e-01,-3.684329986572265625e-01,-1.938192546367645264e-02,-7.924476861953735352e-01,-1.905073374509811401e-01,-1.664564311504364014e-01,1.171130418777465820e+00,-7.056515663862228394e-02,8.116705715656280518e-02,1.349152922630310059e-01,2.566194906830787659e-02,4.644656479358673096e-01,2.140500247478485107e-01,3.494883775711059570e-01,1.671399474143981934e-01,1.397278904914855957e+00,-3.231595456600189209e-01,2.590300440788269043e-01,3.251161277294158936e-01,-4.253850877285003662e-01,4.994994997978210449e-01,9.868608117103576660e-01,-4.597014784812927246e-01,2.022429108619689941e-01,1.902374774217605591e-01
1.354196518659591675e-01,-1.559264063835144043e+00,7.670231461524963379e-01,9.298101067543029785e-02,7.027865946292877197e-02,-8.458542227745056152e-01,5.205247998237609863e-01,-6.069146394729614258e-01,8.013081550598144531e-02,1.328312903642654419e-01,1.038712859153747559e+00,-5.085942149162292480e-01,-6.320077460259199142e-03,-9.005247354507446289e-01,-2.010989636182785034e-01,-1.307804584503173828e-01,1.283949017524719238e+00,-5.424333363771438599e-02,2.012820169329643250e-02,1.306494623422622681e-01,-8.736345916986465454e-03,4.482661485671997070e-01,2.633264064788818359e-01,2.720323801040649414e-01,2.518167793750762939e-01,1.522520184516906738e+00,-4.455022811889648438e-01,2.702858746051788330e-01,3.661703467369079590e-01,-4.084475636482238770e-01,4.549891650676727295e-01,9.550001621246337891e-01,-3.857897520065307617e-01,9.714712202548980713e-02,1.791453510522842407e-01
1.372163742780685425e-01,-1.551286339759826660e+00,7.530876994132995605e-01,1.055268421769142151e-01,8.095558732748031616e-02,-8.267650008201599121e-01,5.465984940528869629e-01,-6.848323941230773926e-01,5.486772581934928894e-02,7.235689461231231689e-02,1.101271986961364746e+00,-5.888643264770507812e-01,-4.507753532379865646e-03,-1.005715012550354004e+00,-1.945096552371978760e-01,-8.735001087188720703e-02,1.378773927688598633e+00,-6.644940376281738281e-02,-3.079102188348770142e-02,1.350115984678268433e-01,-4.203667119145393372e-02,3.569367825984954834e-01,3.426017165184020996e-01,9.467477351427078247e-02,4.423125088214874268e-01,1.474895119667053223e+00,-4.656684398651123047e-01,3.600268959999084473e-01,3.413511514663696289e-01,-3.604755401611328125e-01,4.527296721935272217e-01,1.038561701774597168e+00,-2.521370947360992432e-01,-6.887944787740707397e-02,1.567735970020294189e-01
1.373439580202102661e-01,-1.550796151161193848e+00,7.477884292602539062e-01,1.108530312776565552e-01,9.005409479141235352e-02,-8.047487139701843262e-01,5.761782526969909668e-01,-7.333309054374694824e-01,2.584326639771461487e-02,1.031731069087982178e-02,1.135109186172485352e+00,-6.038227081298828125e-01,-2.419829834252595901e-03,-1.057541728019714355e+00,-1.961130648851394653e-01,-7.517793774604797363e-02,1.421326875686645508e+00,-1.087310612201690674e-01,-7.000225782394409180e-02,1.283233314752578735e-01,-6.158095970749855042e-02,2.252391427755355835e-01,4.001686573028564453e-01,-8.434039354324340820e-02,7.801346182823181152e-01,1.284051656723022461e+00,-1.933123767375946045e-01,4.519414901733398438e-01,2.819952964782714844e-01,-2.721100747585296631e-01,3.776088953018188477e-01,1.184849977493286133e+00,-1.789125353097915649e-01,-1.861805170774459839e-01,1.612017154693603516e-01
1.361855864524841309e-01,-1.554654598236083984e+00,7.515306472778320312e-01,1.124118268489837646e-01,9.339790791273117065e-02,-7.859618067741394043e-01,6.007532477378845215e-01,-7.339739799499511719e-01,-1.388371689245104790e-03,-3.550819680094718933e-02,1.114300131797790527e+00,-5.896872282028198242e-01,-3.832147223874926567e-03,-1.066118955612182617e+00,-1.985371559858322144e-01,-7.951661944389343262e-02,1.408943772315979004e+00,-1.396601945161819458e-01,-1.101567521691322327e-01,1.094729602336883545e-01,-7.882551103830337524e-02,1.277553141117095947e-01,4.015027880668640137e-01,-1.052333340048789978e-01,1.092476248741149902e+00,9.506159424781799316e-01,1.638218909502029419e-01,3.919786512851715088e-01,2.262635827064514160e-01,-1.851641386747360229e-01,2.171569466590881348e-01,1.218096375465393066e+00,-2.960636019706726074e-01,-2.314208596944808960e-01,2.796536087989807129e-01
1.345976740121841431e-01,-1.561516165733337402e+00,7.630777955055236816e-01,1.082950383424758911e-01,8.965300768613815308e-02,-7.736401557922363281e-01,6.178312301635742188e-01,-6.890080571174621582e-01,-2.285517379641532898e-02,-6.847637146711349487e-02,1.049850702285766602e+00,-5.537580847740173340e-01,-2.668534871190786362e-03,-1.030918717384338379e+00,-1.739048063755035400e-01,-7.007190585136413574e-02,1.341322660446166992e+00,-1.694021970033645630e-01,-1.126161292195320129e-01,8.521113544702529907e-02,-9.331277757883071899e-02,1.145448237657546997e-01,3.490467965602874756e-01,2.535682730376720428e-02,1.185564517974853516e+00,4.850328266620635986e-01,2.069860696792602539e-01,3.617130219936370850e-01,1.792741864919662476e-01,-1.555226594209671021e-01,2.075480669736862183e-01,1.176779985427856445e+00,-3.794763386249542236e-01,-1.940929740667343140e-01,3.420064151287078857e-01
1.330059915781021118e-01,-1.571278095245361328e+00,7.787346243858337402e-01,1.005702763795852661e-01,8.430786430835723877e-02,-7.632127404212951660e-01,6.326800584793090820e-01,-6.311389803886413574e-01,-3.882714733481407166e-02,-1.011771932244300842e-01,9.740924239158630371e-01,-4.792047142982482910e-01,9.204045636579394341e-04,-9.660907983779907227e-01,-1.283258795738220215e-01,-4.851164296269416809e-02,1.232890963554382324e+00,-1.987973600625991821e-01,-8.966067433357238770e-02,6.197743490338325500e-02,-1.010489538311958313e-01,1.555166691541671753e-01,2.713094651699066162e-01,1.069493889808654785e-01,1.124071478843688965e+00,2.396401911973953247e-01,1.929165571928024292e-01,4.405282735824584961e-01,1.580640822649002075e-01,-1.736246794462203979e-01,3.326478302478790283e-01,1.090484499931335449e+00,-4.034448266029357910e-01,-1.342302858829498291e-01,2.916326224803924561e-01
